"Name","Company","First Name","Last Name","Email","Phone","Mobile","Website","Billing Street","Billing City","Billing Province","Billing Postal Code","Billing Country","Terms","Account No.","Print on Cheque As","Notes"
"Cascade Chemicals Canada Inc.","Cascade Chemicals Canada Inc.","Jason","Murray","jason.murray@cascade-chemicals-canada-inc.example.com","(709) 555-0151","(709) 555-0133","https://www.cascade-chemicals-canada-inc.example.com","3387 Industrial Drive, bureau 624","St. John's","NL","A6A 2P3","Canada","Net 15","CAS-05611","Cascade Chemicals Canada Inc.","Fournisseurs - test data"
"Keystone Chemicals Group Inc.","Keystone Chemicals Group Inc.","Hannah","Kowalski","hannah.kowalski@keystone-chemicals-group-inc.example.com","(902) 555-0154","","https://www.keystone-chemicals-group-inc.example.com","430 Industrial Drive","Dartmouth","NS","B6R 9E8","Canada","Net 30","KEY-10910","Keystone Chemicals Group Inc.","Fournisseurs - test data"
"Ridgeway Hydraulics Ltd.","Ridgeway Hydraulics Ltd.","Hannah","Bennett","hannah.bennett@ridgeway-hydraulics-ltd.example.com","(902) 555-0158","","https://www.ridgeway-hydraulics-ltd.example.com","788 Burnhamthorpe Road","Summerside","PE","C9S 5Y7","Canada","Net 30","RID-23065","Ridgeway Hydraulics Ltd.","Fournisseurs - test data"
"Matériaux Bouchard Canada inc.","Matériaux Bouchard Canada inc.","Isabelle","Gagnon","isabelle.gagnon@materiaux-bouchard-canada-inc.example.com","(506) 555-0164","","https://www.materiaux-bouchard-canada-inc.example.com","1143 chemin du Tremblay","Fredericton","NB","E6V 1X0","Canada","Net 30","MAT-76916","Matériaux Bouchard Canada inc.","Fournisseurs — jeu d'essai"
"Plastiques Industriels Canada inc.","Plastiques Industriels Canada inc.","Mathieu","Fortin","mathieu.fortin@plastiques-industriels-canada-inc.example.com","(450) 555-0166","(450) 555-0149","https://www.plastiques-industriels-canada-inc.example.com","1769 avenue Marien, bureau 634","Montréal","QC","H4P 1T6","Canada","Net 15","PLA-98798","Plastiques Industriels Canada inc.","Fournisseurs — jeu d'essai"
"Lubrifiants Côté Québec inc.","Lubrifiants Côté Québec inc.","Geneviève","Côté","genevieve.cote@lubrifiants-cote-quebec-inc.example.com","(581) 555-0184","","https://www.lubrifiants-cote-quebec-inc.example.com","368 boulevard Hymus","Lévis","QC","G1S 2H3","Canada","Net 30","LUB-03108","Lubrifiants Côté Québec inc.","Fournisseurs — jeu d'essai"
"Textiles Chimiques enr.","Textiles Chimiques enr.","Mathieu","Nadeau","mathieu.nadeau@textiles-chimiques-enr.example.com","(873) 555-0197","","https://www.textiles-chimiques-enr.example.com","3804 chemin du Tremblay","Sherbrooke","QC","J6P 7K8","Canada","Net 15","TEX-86774","Textiles Chimiques enr.","Fournisseurs — jeu d'essai"
"Kowalski Supply Co. Corp.","Kowalski Supply Co. Corp.","Laura","Kowalski","laura.kowalski@kowalski-supply-co-corp.example.com","(416) 555-0139","","https://www.kowalski-supply-co-corp.example.com","3798 Kennedy Road","Toronto","ON","M4M 2N7","Canada","Net 15","KOW-65267","Kowalski Supply Co. Corp.","Fournisseurs - test data"
"Continental Packaging Holdings Ltd.","Continental Packaging Holdings Ltd.","Andrew","Taylor","andrew.taylor@continental-packaging-holdings-ltd.example.com","(365) 555-0132","","https://www.continental-packaging-holdings-ltd.example.com","1270 Commerce Court","Barrie","ON","L3J 2Y5","Canada","Due on receipt","CON-37783","Continental Packaging Holdings Ltd.","Fournisseurs - test data"
"Sentinel Fasteners Group Inc.","Sentinel Fasteners Group Inc.","Daniel","Brown","daniel.brown@sentinel-fasteners-group-inc.example.com","(343) 555-0117","","https://www.sentinel-fasteners-group-inc.example.com","3452 Kennedy Road","Kingston","ON","K8W 7E6","Canada","2% 10 Net 30","SEN-19325","Sentinel Fasteners Group Inc.","Fournisseurs - test data"
"Nguyen Abrasives Corp.","Nguyen Abrasives Corp.","Michael","Campbell","michael.campbell@nguyen-abrasives-corp.example.com","(548) 555-0194","(548) 555-0195","https://www.nguyen-abrasives-corp.example.com","2311 Dixie Road","Guelph","ON","N7R 7T4","Canada","Net 30","NGU-76380","Nguyen Abrasives Corp.","Fournisseurs - test data"
"Hughes Industries Holdings Ltd.","Hughes Industries Holdings Ltd.","Megan","Clarke","megan.clarke@hughes-industries-holdings-ltd.example.com","(249) 555-0123","","https://www.hughes-industries-holdings-ltd.example.com","4234 Foundry Road, bureau 946","North Bay","ON","P5E 1G5","Canada","Net 30","HUG-06600","Hughes Industries Holdings Ltd.","Fournisseurs - test data"
"Murray Bearings Canada Inc.","Murray Bearings Canada Inc.","Karen","Taylor","karen.taylor@murray-bearings-canada-inc.example.com","(204) 555-0115","","https://www.murray-bearings-canada-inc.example.com","2571 Kennedy Road","Steinbach","MB","R2A 9M0","Canada","Net 30","MUR-33390","Murray Bearings Canada Inc.","Fournisseurs - test data"
"Cascade Manufacturing Inc.","Cascade Manufacturing Inc.","Emily","Singh","emily.singh@cascade-manufacturing-inc.example.com","(639) 555-0170","","https://www.cascade-manufacturing-inc.example.com","654 Enterprise Boulevard, bureau 541","Regina","SK","S5C 3R3","Canada","Net 30","CAS-92861","Cascade Manufacturing Inc.","Fournisseurs - test data"
"Anderson Industries Inc.","Anderson Industries Inc.","Jessica","Wilson","jessica.wilson@anderson-industries-inc.example.com","(780) 555-0198","(780) 555-0184","https://www.anderson-industries-inc.example.com","869 Foundry Road","Red Deer","AB","T6E 9J2","Canada","Net 30","AND-08402","Anderson Industries Inc.","Fournisseurs - test data"
"Vanguard Freight Inc.","Vanguard Freight Inc.","James","Smith","james.smith@vanguard-freight-inc.example.com","(604) 555-0173","","https://www.vanguard-freight-inc.example.com","1800 Steeles Avenue East","Burnaby","BC","V6W 0T5","Canada","Net 15","VAN-94245","Vanguard Freight Inc.","Fournisseurs - test data"
"Smith Freight Ltd.","Smith Freight Ltd.","Hannah","Reid","hannah.reid@smith-freight-ltd.example.com","(867) 555-0160","(867) 555-0141","https://www.smith-freight-ltd.example.com","4260 Enterprise Boulevard","Whitehorse","YT","Y1W 4G4","Canada","Net 15","SMI-17961","Smith Freight Ltd.","Fournisseurs - test data"
"Atlantic Distributors Canada Inc.","Atlantic Distributors Canada Inc.","Nicole","Fraser","nicole.fraser@atlantic-distributors-canada-inc.example.com","(867) 555-0110","","https://www.atlantic-distributors-canada-inc.example.com","1887 Logistics Way","Hay River","NT","X0A 9J9","Canada","2% 10 Net 30","ATL-35974","Atlantic Distributors Canada Inc.","Fournisseurs - test data"
"Bluewater Lumber Canada Inc.","Bluewater Lumber Canada Inc.","Rachel","Campbell","rachel.campbell@bluewater-lumber-canada-inc.example.com","(867) 555-0160","","https://www.bluewater-lumber-canada-inc.example.com","2584 Dixie Road","Rankin Inlet","NU","X1A 1K7","Canada","Net 15","BLU-34167","Bluewater Lumber Canada Inc.","Fournisseurs - test data"
"Hughes Chemicals Group Inc.","Hughes Chemicals Group Inc.","Hannah","Chen","hannah.chen@hughes-chemicals-group-inc.example.com","(250) 555-0119","(250) 555-0193","https://www.hughes-chemicals-group-inc.example.com","303 Steeles Avenue East, bureau 921","Burnaby","BC","V0K 5A9","Canada","Due on receipt","HUG-59473","Hughes Chemicals Group Inc.","Fournisseurs - test data"
"Great Lakes Adhesives Corp.","Great Lakes Adhesives Corp.","Steven","Hughes","steven.hughes@great-lakes-adhesives-corp.example.com","(250) 555-0153","","https://www.great-lakes-adhesives-corp.example.com","4048 Industrial Drive","Richmond","BC","V4B 6L2","Canada","Net 30","GRE-85730","Great Lakes Adhesives Corp.","Fournisseurs - test data"
"Apex Fasteners Ltd.","Apex Fasteners Ltd.","Daniel","Murray","daniel.murray@apex-fasteners-ltd.example.com","(825) 555-0128","(825) 555-0134","https://www.apex-fasteners-ltd.example.com","3419 Dixie Road","Calgary","AB","T2L 6S5","Canada","Due on receipt","APE-21353","Apex Fasteners Ltd.","Fournisseurs - test data"
"Nguyen Distributors Corp.","Nguyen Distributors Corp.","Jessica","Clarke","jessica.clarke@nguyen-distributors-corp.example.com","(437) 555-0165","","https://www.nguyen-distributors-corp.example.com","318 Burnhamthorpe Road","Scarborough","ON","M2H 2J5","Canada","Net 30","NGU-50128","Nguyen Distributors Corp.","Fournisseurs - test data"
"Sterling Wholesale Corp.","Sterling Wholesale Corp.","Jessica","Stewart","jessica.stewart@sterling-wholesale-corp.example.com","(778) 555-0177","","https://www.sterling-wholesale-corp.example.com","2198 Burnhamthorpe Road, bureau 935","Richmond","BC","V1B 7P9","Canada","Net 15","STE-10112","Sterling Wholesale Corp.","Fournisseurs - test data"
"Clarke Industries Inc.","Clarke Industries Inc.","Kevin","Murray","kevin.murray@clarke-industries-inc.example.com","(437) 555-0114","","https://www.clarke-industries-inc.example.com","3808 Commerce Court","North York","ON","M0A 2J2","Canada","Net 15","CLA-91072","Clarke Industries Inc.","Fournisseurs - test data"
"Ridgeway Industries Ltd.","Ridgeway Industries Ltd.","Kevin","Singh","kevin.singh@ridgeway-industries-ltd.example.com","(647) 555-0148","","https://www.ridgeway-industries-ltd.example.com","2177 Burnhamthorpe Road","Toronto","ON","M3R 3W2","Canada","Net 15","RID-42851","Ridgeway Industries Ltd.","Fournisseurs - test data"
"Titan Manufacturing Canada Inc.","Titan Manufacturing Canada Inc.","Michael","Campbell","michael.campbell@titan-manufacturing-canada-inc.example.com","(905) 555-0198","","https://www.titan-manufacturing-canada-inc.example.com","4273 Burnhamthorpe Road","Oakville","ON","L5K 2R5","Canada","Net 15","TIT-56030","Titan Manufacturing Canada Inc.","Fournisseurs - test data"
"Papeterie Métalliques Québec inc.","Papeterie Métalliques Québec inc.","François","Cloutier","francois.cloutier@papeterie-metalliques-quebec-inc.example.com","(873) 555-0132","","https://www.papeterie-metalliques-quebec-inc.example.com","666 boulevard Industriel","Sherbrooke","QC","J0X 4G2","Canada","Net 15","PAP-08209","Papeterie Métalliques Québec inc.","Fournisseurs — jeu d'essai"
"Fournitures Fortin inc.","Fournitures Fortin inc.","Catherine","Bouchard","catherine.bouchard@fournitures-fortin-inc.example.com","(514) 555-0107","(514) 555-0184","https://www.fournitures-fortin-inc.example.com","19 rue du Parc-Industriel","Brossard","QC","J8V 6Z1","Canada","Net 30","FOU-34907","Fournitures Fortin inc.","Fournisseurs — jeu d'essai"
"Wilson Adhesives Group Inc.","Wilson Adhesives Group Inc.","Hannah","Fraser","hannah.fraser@wilson-adhesives-group-inc.example.com","(709) 555-0173","","https://www.wilson-adhesives-group-inc.example.com","3705 Industrial Drive","Mount Pearl","NL","A6G 4T0","Canada","Net 30","WIL-10694","Wilson Adhesives Group Inc.","Fournisseurs - test data"
"Crestline Distributors & Sons Ltd.","Crestline Distributors & Sons Ltd.","Megan","MacDonald","megan.macdonald@crestline-distributors-sons-ltd.example.com","(365) 555-0150","(365) 555-0194","https://www.crestline-distributors-sons-ltd.example.com","3411 Kennedy Road","Barrie","ON","L8J 1N6","Canada","Net 15","CRE-36171","Crestline Distributors & Sons Ltd.","Fournisseurs - test data"
"Approvisionnement Métalliques enr.","Approvisionnement Métalliques enr.","Mathieu","Côté","mathieu.cote@approvisionnement-metalliques-enr.example.com","(581) 555-0176","(581) 555-0128","https://www.approvisionnement-metalliques-enr.example.com","396 rue Cousineau","Saguenay","QC","G9S 8G7","Canada","Net 15","APP-83690","Approvisionnement Métalliques enr.","Fournisseurs — jeu d'essai"
"Sentinel Steel Ltd.","Sentinel Steel Ltd.","Megan","Patel","megan.patel@sentinel-steel-ltd.example.com","(647) 555-0152","(647) 555-0125","https://www.sentinel-steel-ltd.example.com","3723 Airport Road","Etobicoke","ON","M4H 9M6","Canada","Net 30","SEN-36500","Sentinel Steel Ltd.","Fournisseurs - test data"
"Matériaux Gagnon ltée","Matériaux Gagnon ltée","Nathalie","Ouellet","nathalie.ouellet@materiaux-gagnon-ltee.example.com","(819) 555-0152","(819) 555-0149","https://www.materiaux-gagnon-ltee.example.com","2386 avenue Manufacturiers","Québec","QC","G0L 1L4","Canada","Net 30","MAT-52296","Matériaux Gagnon ltée","Fournisseurs — jeu d'essai"
"Distribution Lavoie du Nord inc.","Distribution Lavoie du Nord inc.","Denis","Ouellet","denis.ouellet@distribution-lavoie-du-nord-inc.example.com","(819) 555-0100","","https://www.distribution-lavoie-du-nord-inc.example.com","3960 chemin du Tremblay","Sherbrooke","QC","J6B 7Z6","Canada","Net 15","DIS-54751","Distribution Lavoie du Nord inc.","Fournisseurs — jeu d'essai"
"Murray Distributors & Sons Ltd.","Murray Distributors & Sons Ltd.","Brian","Brown","brian.brown@murray-distributors-sons-ltd.example.com","(416) 555-0188","","https://www.murray-distributors-sons-ltd.example.com","1951 Industrial Drive, bureau 803","Toronto","ON","M9X 4A1","Canada","Net 30","MUR-88916","Murray Distributors & Sons Ltd.","Fournisseurs - test data"
"Câbles d'Emballage inc.","Câbles d'Emballage inc.","Denis","Caron","denis.caron@cables-d-emballage-inc.example.com","(819) 555-0191","(819) 555-0139","https://www.cables-d-emballage-inc.example.com","3339 avenue Manufacturiers","Québec","QC","G4L 9Y7","Canada","Net 30","CAB-82640","Câbles d'Emballage inc.","Fournisseurs — jeu d'essai"
"Pioneer Adhesives Inc.","Pioneer Adhesives Inc.","Robert","Wilson","robert.wilson@pioneer-adhesives-inc.example.com","(431) 555-0119","(431) 555-0134","https://www.pioneer-adhesives-inc.example.com","2205 Dixie Road","Winnipeg","MB","R4L 1K3","Canada","Net 15","PIO-77108","Pioneer Adhesives Inc.","Fournisseurs - test data"
"Apex Freight Ltd.","Apex Freight Ltd.","Rachel","Brown","rachel.brown@apex-freight-ltd.example.com","(437) 555-0158","","https://www.apex-freight-ltd.example.com","794 Airport Road","Scarborough","ON","M5N 0E9","Canada","2% 10 Net 30","APE-01265","Apex Freight Ltd.","Fournisseurs - test data"
"Atlantic Chemicals Group Inc.","Atlantic Chemicals Group Inc.","Brian","Clarke","brian.clarke@atlantic-chemicals-group-inc.example.com","(604) 555-0152","","https://www.atlantic-chemicals-group-inc.example.com","1979 Dixie Road","Richmond","BC","V1G 2G3","Canada","Net 15","ATL-62775","Atlantic Chemicals Group Inc.","Fournisseurs - test data"
"Keystone Hydraulics Canada Inc.","Keystone Hydraulics Canada Inc.","Brian","Brown","brian.brown@keystone-hydraulics-canada-inc.example.com","(437) 555-0128","(437) 555-0183","https://www.keystone-hydraulics-canada-inc.example.com","277 Dixie Road","Etobicoke","ON","M7W 6M6","Canada","Net 30","KEY-68376","Keystone Hydraulics Canada Inc.","Fournisseurs - test data"
"Fournitures Tremblay enr.","Fournitures Tremblay enr.","Julie","Pelletier","julie.pelletier@fournitures-tremblay-enr.example.com","(579) 555-0114","(579) 555-0107","https://www.fournitures-tremblay-enr.example.com","3531 rue du Parc-Industriel","Longueuil","QC","H8E 8B4","Canada","Net 30","FOU-96050","Fournitures Tremblay enr.","Fournisseurs — jeu d'essai"
"Fraser Fasteners & Sons Ltd.","Fraser Fasteners & Sons Ltd.","Andrew","Murray","andrew.murray@fraser-fasteners-sons-ltd.example.com","(867) 555-0111","(867) 555-0162","https://www.fraser-fasteners-sons-ltd.example.com","2313 Logistics Way","Whitehorse","YT","Y0B 4N2","Canada","2% 10 Net 30","FRA-68125","Fraser Fasteners & Sons Ltd.","Fournisseurs - test data"
"Matériaux de Bureau inc.","Matériaux de Bureau inc.","Marie","Côté","marie.cote@materiaux-de-bureau-inc.example.com","(438) 555-0188","","https://www.materiaux-de-bureau-inc.example.com","2626 rue de l'Industrie","Laval","QC","J5N 1B1","Canada","Net 15","MAT-28499","Matériaux de Bureau inc.","Fournisseurs — jeu d'essai"
"Transport Gauthier du Nord inc.","Transport Gauthier du Nord inc.","Denis","Lévesque","denis.levesque@transport-gauthier-du-nord-inc.example.com","(819) 555-0177","","https://www.transport-gauthier-du-nord-inc.example.com","2291 chemin du Tremblay, bureau 243","Rimouski","QC","G4G 4X1","Canada","2% 10 Net 30","TRA-19746","Transport Gauthier du Nord inc.","Fournisseurs — jeu d'essai"
"Singh Fasteners Holdings Ltd.","Singh Fasteners Holdings Ltd.","Jason","Smith","jason.smith@singh-fasteners-holdings-ltd.example.com","(365) 555-0183","(365) 555-0124","https://www.singh-fasteners-holdings-ltd.example.com","2235 Kennedy Road, bureau 559","Barrie","ON","L4Z 4E0","Canada","Net 30","SIN-92413","Singh Fasteners Holdings Ltd.","Fournisseurs - test data"
"Dominion Adhesives Corp.","Dominion Adhesives Corp.","Steven","MacDonald","steven.macdonald@dominion-adhesives-corp.example.com","(226) 555-0166","(226) 555-0129","https://www.dominion-adhesives-corp.example.com","135 Industrial Drive","Windsor","ON","N0W 3L5","Canada","Due on receipt","DOM-61866","Dominion Adhesives Corp.","Fournisseurs - test data"
"Thompson Abrasives Inc.","Thompson Abrasives Inc.","Rachel","Campbell","rachel.campbell@thompson-abrasives-inc.example.com","(365) 555-0168","","https://www.thompson-abrasives-inc.example.com","1392 Kennedy Road","Hamilton","ON","L8J 1A5","Canada","Net 30","THO-30166","Thompson Abrasives Inc.","Fournisseurs - test data"
"MacDonald Distributors Corp.","MacDonald Distributors Corp.","Sarah","Kowalski","sarah.kowalski@macdonald-distributors-corp.example.com","(782) 555-0154","","https://www.macdonald-distributors-corp.example.com","647 Steeles Avenue East, bureau 601","Sydney","NS","B8C 8C0","Canada","Net 30","MAC-51877","MacDonald Distributors Corp.","Fournisseurs - test data"
"Dominion Bearings Inc.","Dominion Bearings Inc.","Rachel","Thompson","rachel.thompson@dominion-bearings-inc.example.com","(204) 555-0132","","https://www.dominion-bearings-inc.example.com","4767 Enterprise Boulevard","Steinbach","MB","R3J 6P1","Canada","2% 10 Net 30","DOM-67804","Dominion Bearings Inc.","Fournisseurs - test data"
"Cascade Wholesale Corp.","Cascade Wholesale Corp.","Michael","Campbell","michael.campbell@cascade-wholesale-corp.example.com","(250) 555-0163","","https://www.cascade-wholesale-corp.example.com","3131 Dixie Road, bureau 429","Victoria","BC","V9X 5K3","Canada","Net 30","CAS-13364","Cascade Wholesale Corp.","Fournisseurs - test data"
"Titan Fasteners Holdings Ltd.","Titan Fasteners Holdings Ltd.","Emily","Thompson","emily.thompson@titan-fasteners-holdings-ltd.example.com","(519) 555-0163","","https://www.titan-fasteners-holdings-ltd.example.com","3616 Burnhamthorpe Road","London","ON","N6A 3Z4","Canada","2% 10 Net 30","TIT-12637","Titan Fasteners Holdings Ltd.","Fournisseurs - test data"
"Northgate Fasteners Inc.","Northgate Fasteners Inc.","Brian","Singh","brian.singh@northgate-fasteners-inc.example.com","(236) 555-0154","(236) 555-0185","https://www.northgate-fasteners-inc.example.com","1517 Airport Road, bureau 778","Richmond","BC","V3W 7C4","Canada","Net 30","NOR-02150","Northgate Fasteners Inc.","Fournisseurs - test data"
"Produits Métalliques et Fils inc.","Produits Métalliques et Fils inc.","Simon","Lavoie","simon.lavoie@produits-metalliques-et-fils-inc.example.com","(506) 555-0174","","https://www.produits-metalliques-et-fils-inc.example.com","2301 chemin du Tremblay, bureau 685","Bathurst","NB","E5K 9N5","Canada","Due on receipt","PRO-60571","Produits Métalliques et Fils inc.","Fournisseurs — jeu d'essai"
"Manufacture Alimentaires Canada inc.","Manufacture Alimentaires Canada inc.","Josée","Poirier","josee.poirier@manufacture-alimentaires-canada-inc.example.com","(450) 555-0152","","https://www.manufacture-alimentaires-canada-inc.example.com","4005 boulevard Hymus, bureau 134","Gatineau","QC","J0J 6T6","Canada","Net 15","MAN-82939","Manufacture Alimentaires Canada inc.","Fournisseurs — jeu d'essai"
"Manufacture Fortin enr.","Manufacture Fortin enr.","Jean","Bouchard","jean.bouchard@manufacture-fortin-enr.example.com","(506) 555-0179","","https://www.manufacture-fortin-enr.example.com","4708 rue du Parc-Industriel","Bathurst","NB","E8Y 8S8","Canada","Net 15","MAN-46766","Manufacture Fortin enr.","Fournisseurs — jeu d'essai"
"Stewart Packaging Group Inc.","Stewart Packaging Group Inc.","Steven","Reid","steven.reid@stewart-packaging-group-inc.example.com","(867) 555-0158","(867) 555-0198","https://www.stewart-packaging-group-inc.example.com","4544 Airport Road","Hay River","NT","X6C 8A6","Canada","Net 30","STE-38695","Stewart Packaging Group Inc.","Fournisseurs - test data"
"Entrepôts Gauthier du Nord inc.","Entrepôts Gauthier du Nord inc.","Caroline","Dubé","caroline.dube@entrepots-gauthier-du-nord-inc.example.com","(450) 555-0198","","https://www.entrepots-gauthier-du-nord-inc.example.com","80 boulevard Industriel","Montréal","QC","H5N 5S2","Canada","Net 30","ENT-01423","Entrepôts Gauthier du Nord inc.","Fournisseurs — jeu d'essai"
"Kowalski Steel Corp.","Kowalski Steel Corp.","Robert","Thompson","robert.thompson@kowalski-steel-corp.example.com","(604) 555-0118","","https://www.kowalski-steel-corp.example.com","703 Burnhamthorpe Road","Kelowna","BC","V7P 7A0","Canada","2% 10 Net 30","KOW-92141","Kowalski Steel Corp.","Fournisseurs - test data"
"Distribution Fortin Canada inc.","Distribution Fortin Canada inc.","Éric","Lavoie","eric.lavoie@distribution-fortin-canada-inc.example.com","(819) 555-0132","","https://www.distribution-fortin-canada-inc.example.com","1125 chemin du Tremblay","Lévis","QC","G2A 6S1","Canada","Net 15","DIS-22817","Distribution Fortin Canada inc.","Fournisseurs — jeu d'essai"
"Approvisionnement Bélanger Canada inc.","Approvisionnement Bélanger Canada inc.","Mathieu","Bergeron","mathieu.bergeron@approvisionnement-belanger-canada-inc.example.com","(506) 555-0116","","https://www.approvisionnement-belanger-canada-inc.example.com","2140 boulevard Dagenais, bureau 648","Moncton","NB","E1T 5B7","Canada","Net 15","APP-20777","Approvisionnement Bélanger Canada inc.","Fournisseurs — jeu d'essai"
"Papeterie Morin inc.","Papeterie Morin inc.","Mathieu","Ouellet","mathieu.ouellet@papeterie-morin-inc.example.com","(450) 555-0167","","https://www.papeterie-morin-inc.example.com","4217 boulevard des Entreprises","Montréal","QC","J1E 8W9","Canada","Net 30","PAP-18939","Papeterie Morin inc.","Fournisseurs — jeu d'essai"
"Frontier Hydraulics Canada Inc.","Frontier Hydraulics Canada Inc.","Hannah","Patel","hannah.patel@frontier-hydraulics-canada-inc.example.com","(905) 555-0133","","https://www.frontier-hydraulics-canada-inc.example.com","52 Steeles Avenue East","Hamilton","ON","L0M 0T4","Canada","Net 30","FRO-85113","Frontier Hydraulics Canada Inc.","Fournisseurs - test data"
"Aciers Roy ltée","Aciers Roy ltée","Caroline","Girard","caroline.girard@aciers-roy-ltee.example.com","(438) 555-0169","(438) 555-0103","https://www.aciers-roy-ltee.example.com","2157 boulevard Hymus, bureau 705","Brossard","QC","H1P 0B8","Canada","Due on receipt","ACI-41465","Aciers Roy ltée","Fournisseurs — jeu d'essai"
"Fonderie Chimiques du Nord inc.","Fonderie Chimiques du Nord inc.","Luc","Roy","luc.roy@fonderie-chimiques-du-nord-inc.example.com","(438) 555-0191","(438) 555-0124","https://www.fonderie-chimiques-du-nord-inc.example.com","1685 avenue Manufacturiers, bureau 356","Laval","QC","H4C 5A6","Canada","Net 15","FON-72025","Fonderie Chimiques du Nord inc.","Fournisseurs — jeu d'essai"
"Reid Hydraulics Ltd.","Reid Hydraulics Ltd.","Amanda","Singh","amanda.singh@reid-hydraulics-ltd.example.com","(365) 555-0145","","https://www.reid-hydraulics-ltd.example.com","2697 Enterprise Boulevard","Hamilton","ON","L2T 1R2","Canada","2% 10 Net 30","REI-60413","Reid Hydraulics Ltd.","Fournisseurs - test data"
"Pioneer Wholesale Canada Inc.","Pioneer Wholesale Canada Inc.","Robert","Smith","robert.smith@pioneer-wholesale-canada-inc.example.com","(519) 555-0140","","https://www.pioneer-wholesale-canada-inc.example.com","4637 Kennedy Road","Waterloo","ON","N9X 1B8","Canada","Due on receipt","PIO-03068","Pioneer Wholesale Canada Inc.","Fournisseurs - test data"
"Wilson Fasteners Holdings Ltd.","Wilson Fasteners Holdings Ltd.","Steven","Smith","steven.smith@wilson-fasteners-holdings-ltd.example.com","(613) 555-0173","(613) 555-0155","https://www.wilson-fasteners-holdings-ltd.example.com","1263 Logistics Way, bureau 899","Ottawa","ON","K9Y 8H5","Canada","Net 30","WIL-98317","Wilson Fasteners Holdings Ltd.","Fournisseurs - test data"
"Pacific Wholesale Ltd.","Pacific Wholesale Ltd.","Rachel","Nguyen","rachel.nguyen@pacific-wholesale-ltd.example.com","(778) 555-0106","","https://www.pacific-wholesale-ltd.example.com","1835 Dixie Road","Vancouver","BC","V2X 3Y7","Canada","Due on receipt","PAC-96560","Pacific Wholesale Ltd.","Fournisseurs - test data"
"Métaux Forestiers enr.","Métaux Forestiers enr.","Luc","Bouchard","luc.bouchard@metaux-forestiers-enr.example.com","(438) 555-0130","","https://www.metaux-forestiers-enr.example.com","4505 boulevard Dagenais","Brossard","QC","H5X 9J5","Canada","Net 15","MET-93200","Métaux Forestiers enr.","Fournisseurs — jeu d'essai"
"Grossiste Pelletier inc.","Grossiste Pelletier inc.","Caroline","Lavoie","caroline.lavoie@grossiste-pelletier-inc.example.com","(819) 555-0120","(819) 555-0199","https://www.grossiste-pelletier-inc.example.com","2400 boulevard Hymus","Rimouski","QC","G0V 5K4","Canada","2% 10 Net 30","GRO-07022","Grossiste Pelletier inc.","Fournisseurs — jeu d'essai"
"Manufacture Sanitaires ltée","Manufacture Sanitaires ltée","Catherine","Girard","catherine.girard@manufacture-sanitaires-ltee.example.com","(819) 555-0152","","https://www.manufacture-sanitaires-ltee.example.com","3209 rue de l'Industrie, bureau 344","Drummondville","QC","J9N 2L2","Canada","Net 15","MAN-22335","Manufacture Sanitaires ltée","Fournisseurs — jeu d'essai"
"Murray Distributors Corp.","Murray Distributors Corp.","Rachel","Nguyen","rachel.nguyen@murray-distributors-corp.example.com","(825) 555-0181","(825) 555-0188","https://www.murray-distributors-corp.example.com","899 Airport Road","Fort McMurray","AB","T2R 2T5","Canada","Net 15","MUR-88092","Murray Distributors Corp.","Fournisseurs - test data"
"Meridian Supply Co. & Sons Ltd.","Meridian Supply Co. & Sons Ltd.","Andrew","Bennett","andrew.bennett@meridian-supply-co-sons-ltd.example.com","(437) 555-0142","(437) 555-0168","https://www.meridian-supply-co-sons-ltd.example.com","2411 Commerce Court, bureau 394","Scarborough","ON","M8S 8C3","Canada","Net 30","MER-05162","Meridian Supply Co. & Sons Ltd.","Fournisseurs - test data"
"Meridian Chemicals & Sons Ltd.","Meridian Chemicals & Sons Ltd.","Jessica","Reid","jessica.reid@meridian-chemicals-sons-ltd.example.com","(647) 555-0100","(647) 555-0196","https://www.meridian-chemicals-sons-ltd.example.com","3387 Industrial Drive","North York","ON","M7R 1S6","Canada","Net 15","MER-91623","Meridian Chemicals & Sons Ltd.","Fournisseurs - test data"
"Campbell Bearings Canada Inc.","Campbell Bearings Canada Inc.","Sarah","Clarke","sarah.clarke@campbell-bearings-canada-inc.example.com","(782) 555-0135","(782) 555-0135","https://www.campbell-bearings-canada-inc.example.com","251 Industrial Drive","Sydney","NS","B3R 5L3","Canada","Net 30","CAM-34838","Campbell Bearings Canada Inc.","Fournisseurs - test data"
"Cascade Chemicals Holdings Ltd.","Cascade Chemicals Holdings Ltd.","Steven","Kowalski","steven.kowalski@cascade-chemicals-holdings-ltd.example.com","(204) 555-0131","","https://www.cascade-chemicals-holdings-ltd.example.com","495 Enterprise Boulevard, bureau 727","Winnipeg","MB","R8M 8B3","Canada","Due on receipt","CAS-37938","Cascade Chemicals Holdings Ltd.","Fournisseurs - test data"
"Plastiques d'Emballage et Fils inc.","Plastiques d'Emballage et Fils inc.","Isabelle","Bergeron","isabelle.bergeron@plastiques-d-emballage-et-fils-inc.example.com","(579) 555-0186","(579) 555-0104","https://www.plastiques-d-emballage-et-fils-inc.example.com","2294 boulevard Dagenais","Montréal","QC","H7M 5X1","Canada","Net 30","PLA-43291","Plastiques d'Emballage et Fils inc.","Fournisseurs — jeu d'essai"
"Trans-Canada Abrasives Canada Inc.","Trans-Canada Abrasives Canada Inc.","Daniel","Taylor","daniel.taylor@trans-canada-abrasives-canada-inc.example.com","(778) 555-0126","","https://www.trans-canada-abrasives-canada-inc.example.com","3978 Airport Road","Victoria","BC","V6G 1T2","Canada","Net 30","TRA-14080","Trans-Canada Abrasives Canada Inc.","Fournisseurs - test data"
"Textiles de Bureau du Nord inc.","Textiles de Bureau du Nord inc.","Julie","Bergeron","julie.bergeron@textiles-de-bureau-du-nord-inc.example.com","(418) 555-0158","","https://www.textiles-de-bureau-du-nord-inc.example.com","74 chemin du Tremblay, bureau 563","Québec","QC","G3N 2H9","Canada","Net 30","TEX-36896","Textiles de Bureau du Nord inc.","Fournisseurs — jeu d'essai"
"Emballages Pelletier ltée","Emballages Pelletier ltée","Chantal","Bélanger","chantal.belanger@emballages-pelletier-ltee.example.com","(418) 555-0118","","https://www.emballages-pelletier-ltee.example.com","2004 avenue Manufacturiers","Québec","QC","G0N 0Y1","Canada","Net 15","EMB-02429","Emballages Pelletier ltée","Fournisseurs — jeu d'essai"
"Lubrifiants Chimiques inc.","Lubrifiants Chimiques inc.","Sophie","Pelletier","sophie.pelletier@lubrifiants-chimiques-inc.example.com","(450) 555-0190","(450) 555-0192","https://www.lubrifiants-chimiques-inc.example.com","1433 boulevard des Entreprises","Rouyn-Noranda","QC","J7W 6W9","Canada","Net 30","LUB-97773","Lubrifiants Chimiques inc.","Fournisseurs — jeu d'essai"
"Sentinel Industries Ltd.","Sentinel Industries Ltd.","Michael","Patel","michael.patel@sentinel-industries-ltd.example.com","(613) 555-0150","","https://www.sentinel-industries-ltd.example.com","3123 Burnhamthorpe Road","Ottawa","ON","K5B 4X2","Canada","Net 15","SEN-55432","Sentinel Industries Ltd.","Fournisseurs - test data"
"Nguyen Steel Corp.","Nguyen Steel Corp.","Hannah","Taylor","hannah.taylor@nguyen-steel-corp.example.com","(807) 555-0119","(807) 555-0156","https://www.nguyen-steel-corp.example.com","576 Commerce Court","Sault Ste. Marie","ON","P0C 2P9","Canada","Net 15","NGU-28433","Nguyen Steel Corp.","Fournisseurs - test data"
"MacDonald Industries Corp.","MacDonald Industries Corp.","Karen","Singh","karen.singh@macdonald-industries-corp.example.com","(416) 555-0144","","https://www.macdonald-industries-corp.example.com","4172 Foundry Road","Etobicoke","ON","M1G 8X3","Canada","Net 15","MAC-66047","MacDonald Industries Corp.","Fournisseurs - test data"
"Patel Adhesives Holdings Ltd.","Patel Adhesives Holdings Ltd.","Michael","Clarke","michael.clarke@patel-adhesives-holdings-ltd.example.com","(778) 555-0199","","https://www.patel-adhesives-holdings-ltd.example.com","3177 Airport Road","Kelowna","BC","V1N 1K6","Canada","Net 30","PAT-25299","Patel Adhesives Holdings Ltd.","Fournisseurs - test data"
"Stewart Industries Inc.","Stewart Industries Inc.","Sarah","Kowalski","sarah.kowalski@stewart-industries-inc.example.com","(587) 555-0100","(587) 555-0112","https://www.stewart-industries-inc.example.com","243 Burnhamthorpe Road","Edmonton","AB","T4T 4A3","Canada","2% 10 Net 30","STE-34118","Stewart Industries Inc.","Fournisseurs - test data"
"Bennett Freight Corp.","Bennett Freight Corp.","Kevin","Taylor","kevin.taylor@bennett-freight-corp.example.com","(647) 555-0145","","https://www.bennett-freight-corp.example.com","3323 Enterprise Boulevard","Toronto","ON","M6T 6A0","Canada","Net 30","BEN-84397","Bennett Freight Corp.","Fournisseurs - test data"
"Pacific Manufacturing Holdings Ltd.","Pacific Manufacturing Holdings Ltd.","Jessica","Brown","jessica.brown@pacific-manufacturing-holdings-ltd.example.com","(250) 555-0160","(250) 555-0167","https://www.pacific-manufacturing-holdings-ltd.example.com","1426 Kennedy Road, bureau 833","Richmond","BC","V3R 2K6","Canada","2% 10 Net 30","PAC-86082","Pacific Manufacturing Holdings Ltd.","Fournisseurs - test data"
"Bennett Packaging Corp.","Bennett Packaging Corp.","Emily","Anderson","emily.anderson@bennett-packaging-corp.example.com","(289) 555-0124","","https://www.bennett-packaging-corp.example.com","3278 Enterprise Boulevard","Barrie","ON","L8Y 8M8","Canada","Net 30","BEN-61916","Bennett Packaging Corp.","Fournisseurs - test data"
"Dominion Distributors Inc.","Dominion Distributors Inc.","Jason","Kowalski","jason.kowalski@dominion-distributors-inc.example.com","(343) 555-0144","(343) 555-0190","https://www.dominion-distributors-inc.example.com","987 Industrial Drive, bureau 585","Ottawa","ON","K7H 6K8","Canada","Due on receipt","DOM-13610","Dominion Distributors Inc.","Fournisseurs - test data"
"Bennett Industries Canada Inc.","Bennett Industries Canada Inc.","Karen","Murray","karen.murray@bennett-industries-canada-inc.example.com","(604) 555-0152","","https://www.bennett-industries-canada-inc.example.com","1278 Enterprise Boulevard","Richmond","BC","V4K 2E7","Canada","Due on receipt","BEN-08037","Bennett Industries Canada Inc.","Fournisseurs - test data"
"Crestline Manufacturing Corp.","Crestline Manufacturing Corp.","Amanda","Taylor","amanda.taylor@crestline-manufacturing-corp.example.com","(431) 555-0104","","https://www.crestline-manufacturing-corp.example.com","2540 Burnhamthorpe Road, bureau 655","Winnipeg","MB","R3Y 4R2","Canada","Net 15","CRE-54702","Crestline Manufacturing Corp.","Fournisseurs - test data"
"Northgate Steel & Sons Ltd.","Northgate Steel & Sons Ltd.","Nicole","Anderson","nicole.anderson@northgate-steel-sons-ltd.example.com","(902) 555-0184","","https://www.northgate-steel-sons-ltd.example.com","2183 Enterprise Boulevard","Summerside","PE","C3H 3X3","Canada","Net 15","NOR-58125","Northgate Steel & Sons Ltd.","Fournisseurs - test data"
"Pacific Bearings Canada Inc.","Pacific Bearings Canada Inc.","Robert","Smith","robert.smith@pacific-bearings-canada-inc.example.com","(867) 555-0154","(867) 555-0106","https://www.pacific-bearings-canada-inc.example.com","2188 Steeles Avenue East, bureau 218","Iqaluit","NU","X0W 0L6","Canada","Due on receipt","PAC-39727","Pacific Bearings Canada Inc.","Fournisseurs - test data"
"Patel Distributors Canada Inc.","Patel Distributors Canada Inc.","Emily","Brown","emily.brown@patel-distributors-canada-inc.example.com","(250) 555-0127","","https://www.patel-distributors-canada-inc.example.com","465 Logistics Way","Victoria","BC","V8X 9T9","Canada","Net 15","PAT-18875","Patel Distributors Canada Inc.","Fournisseurs - test data"
"Apex Chemicals Corp.","Apex Chemicals Corp.","Steven","Reid","steven.reid@apex-chemicals-corp.example.com","(905) 555-0104","(905) 555-0195","https://www.apex-chemicals-corp.example.com","570 Kennedy Road","Hamilton","ON","L5K 6N9","Canada","Due on receipt","APE-27655","Apex Chemicals Corp.","Fournisseurs - test data"
"Apex Distributors Holdings Ltd.","Apex Distributors Holdings Ltd.","Steven","Hughes","steven.hughes@apex-distributors-holdings-ltd.example.com","(204) 555-0135","","https://www.apex-distributors-holdings-ltd.example.com","4211 Commerce Court","Brandon","MB","R4L 7G3","Canada","Net 30","APE-20416","Apex Distributors Holdings Ltd.","Fournisseurs - test data"
"Frontier Manufacturing Holdings Ltd.","Frontier Manufacturing Holdings Ltd.","Rachel","Reid","rachel.reid@frontier-manufacturing-holdings-ltd.example.com","(613) 555-0123","","https://www.frontier-manufacturing-holdings-ltd.example.com","1200 Dixie Road, bureau 171","Kingston","ON","K5M 3C1","Canada","Net 30","FRO-29605","Frontier Manufacturing Holdings Ltd.","Fournisseurs - test data"
"Pacific Hydraulics Ltd.","Pacific Hydraulics Ltd.","Hannah","MacDonald","hannah.macdonald@pacific-hydraulics-ltd.example.com","(902) 555-0197","","https://www.pacific-hydraulics-ltd.example.com","3628 Steeles Avenue East, bureau 459","Halifax","NS","B3Y 3B8","Canada","2% 10 Net 30","PAC-79964","Pacific Hydraulics Ltd.","Fournisseurs - test data"
"Frontier Lumber Corp.","Frontier Lumber Corp.","Megan","Reid","megan.reid@frontier-lumber-corp.example.com","(905) 555-0100","(905) 555-0167","https://www.frontier-lumber-corp.example.com","2709 Commerce Court, bureau 386","Mississauga","ON","L5G 2Z0","Canada","Net 30","FRO-33269","Frontier Lumber Corp.","Fournisseurs - test data"
"Thompson Hydraulics Group Inc.","Thompson Hydraulics Group Inc.","David","Bennett","david.bennett@thompson-hydraulics-group-inc.example.com","(403) 555-0112","","https://www.thompson-hydraulics-group-inc.example.com","4079 Commerce Court","Edmonton","AB","T8H 4H3","Canada","2% 10 Net 30","THO-36414","Thompson Hydraulics Group Inc.","Fournisseurs - test data"
"Fraser Abrasives Canada Inc.","Fraser Abrasives Canada Inc.","Rachel","Chen","rachel.chen@fraser-abrasives-canada-inc.example.com","(416) 555-0134","(416) 555-0107","https://www.fraser-abrasives-canada-inc.example.com","3810 Industrial Drive","North York","ON","M8G 5Y1","Canada","Net 15","FRA-74887","Fraser Abrasives Canada Inc.","Fournisseurs - test data"
"Fonderie Électriques du Nord inc.","Fonderie Électriques du Nord inc.","Chantal","Pelletier","chantal.pelletier@fonderie-electriques-du-nord-inc.example.com","(438) 555-0158","(438) 555-0194","https://www.fonderie-electriques-du-nord-inc.example.com","1506 avenue Manufacturiers, bureau 826","Montréal","QC","J7A 8G6","Canada","Due on receipt","FON-20019","Fonderie Électriques du Nord inc.","Fournisseurs — jeu d'essai"
"Lubrifiants Pelletier inc.","Lubrifiants Pelletier inc.","Chantal","Lévesque","chantal.levesque@lubrifiants-pelletier-inc.example.com","(506) 555-0123","(506) 555-0143","https://www.lubrifiants-pelletier-inc.example.com","1843 rue de l'Industrie","Saint John","NB","E0Y 1J4","Canada","Net 15","LUB-83011","Lubrifiants Pelletier inc.","Fournisseurs — jeu d'essai"
"Great Lakes Wholesale Corp.","Great Lakes Wholesale Corp.","Michael","Clarke","michael.clarke@great-lakes-wholesale-corp.example.com","(613) 555-0164","(613) 555-0167","https://www.great-lakes-wholesale-corp.example.com","3931 Airport Road","Ottawa","ON","K5P 6H0","Canada","2% 10 Net 30","GRE-22187","Great Lakes Wholesale Corp.","Fournisseurs - test data"
"Outillage de Bureau ltée","Outillage de Bureau ltée","Martin","Ouellet","martin.ouellet@outillage-de-bureau-ltee.example.com","(873) 555-0117","","https://www.outillage-de-bureau-ltee.example.com","3674 chemin du Tremblay, bureau 309","Sherbrooke","QC","J6T 2M5","Canada","Net 30","OUT-41284","Outillage de Bureau ltée","Fournisseurs — jeu d'essai"
"Frontier Steel Inc.","Frontier Steel Inc.","Megan","Brown","megan.brown@frontier-steel-inc.example.com","(709) 555-0162","","https://www.frontier-steel-inc.example.com","1412 Commerce Court","Corner Brook","NL","A6Z 5L1","Canada","Net 30","FRO-26172","Frontier Steel Inc.","Fournisseurs - test data"
"Continental Freight Holdings Ltd.","Continental Freight Holdings Ltd.","Brian","Anderson","brian.anderson@continental-freight-holdings-ltd.example.com","(343) 555-0167","","https://www.continental-freight-holdings-ltd.example.com","4559 Commerce Court","Cornwall","ON","K6N 5R5","Canada","Net 30","CON-05156","Continental Freight Holdings Ltd.","Fournisseurs - test data"
"Campbell Chemicals Group Inc.","Campbell Chemicals Group Inc.","David","Patel","david.patel@campbell-chemicals-group-inc.example.com","(807) 555-0171","(807) 555-0164","https://www.campbell-chemicals-group-inc.example.com","316 Burnhamthorpe Road","North Bay","ON","P8T 3S6","Canada","Net 15","CAM-26748","Campbell Chemicals Group Inc.","Fournisseurs - test data"
"Singh Steel Canada Inc.","Singh Steel Canada Inc.","Andrew","Patel","andrew.patel@singh-steel-canada-inc.example.com","(403) 555-0190","(403) 555-0161","https://www.singh-steel-canada-inc.example.com","525 Kennedy Road","Lethbridge","AB","T5Y 5V3","Canada","Net 15","SIN-61499","Singh Steel Canada Inc.","Fournisseurs - test data"
"Approvisionnement d'Emballage enr.","Approvisionnement d'Emballage enr.","Josée","Girard","josee.girard@approvisionnement-d-emballage-enr.example.com","(819) 555-0158","(819) 555-0184","https://www.approvisionnement-d-emballage-enr.example.com","4236 boulevard Dagenais, bureau 299","Rimouski","QC","G5Z 2G1","Canada","Net 30","APP-73077","Approvisionnement d'Emballage enr.","Fournisseurs — jeu d'essai"
"Apex Abrasives Holdings Ltd.","Apex Abrasives Holdings Ltd.","Karen","Singh","karen.singh@apex-abrasives-holdings-ltd.example.com","(825) 555-0146","","https://www.apex-abrasives-holdings-ltd.example.com","812 Airport Road, bureau 536","Fort McMurray","AB","T3Z 4V3","Canada","Net 15","APE-52993","Apex Abrasives Holdings Ltd.","Fournisseurs - test data"
"Cascade Lumber Holdings Ltd.","Cascade Lumber Holdings Ltd.","Megan","Singh","megan.singh@cascade-lumber-holdings-ltd.example.com","(365) 555-0197","(365) 555-0114","https://www.cascade-lumber-holdings-ltd.example.com","1229 Commerce Court","Hamilton","ON","L5C 3N6","Canada","Net 15","CAS-41502","Cascade Lumber Holdings Ltd.","Fournisseurs - test data"
"Vanguard Bearings Inc.","Vanguard Bearings Inc.","Karen","Hughes","karen.hughes@vanguard-bearings-inc.example.com","(705) 555-0180","","https://www.vanguard-bearings-inc.example.com","2171 Industrial Drive","Sudbury","ON","P8K 1M0","Canada","Net 30","VAN-35856","Vanguard Bearings Inc.","Fournisseurs - test data"
"Cascade Fasteners Canada Inc.","Cascade Fasteners Canada Inc.","Amanda","MacDonald","amanda.macdonald@cascade-fasteners-canada-inc.example.com","(226) 555-0112","","https://www.cascade-fasteners-canada-inc.example.com","2118 Steeles Avenue East","Kitchener","ON","N6J 9B6","Canada","Due on receipt","CAS-63475","Cascade Fasteners Canada Inc.","Fournisseurs - test data"
"Distribution Gagnon enr.","Distribution Gagnon enr.","Geneviève","Tremblay","genevieve.tremblay@distribution-gagnon-enr.example.com","(438) 555-0149","(438) 555-0144","https://www.distribution-gagnon-enr.example.com","4428 boulevard Hymus, bureau 634","Laval","QC","H3N 8H8","Canada","Net 30","DIS-59906","Distribution Gagnon enr.","Fournisseurs — jeu d'essai"
"Fournitures Lavoie et Fils inc.","Fournitures Lavoie et Fils inc.","Martin","Bergeron","martin.bergeron@fournitures-lavoie-et-fils-inc.example.com","(506) 555-0161","","https://www.fournitures-lavoie-et-fils-inc.example.com","2021 avenue Manufacturiers, bureau 187","Fredericton","NB","E4H 3W3","Canada","2% 10 Net 30","FOU-06919","Fournitures Lavoie et Fils inc.","Fournisseurs — jeu d'essai"
"Great Lakes Manufacturing & Sons Ltd.","Great Lakes Manufacturing & Sons Ltd.","Hannah","Bennett","hannah.bennett@great-lakes-manufacturing-sons-ltd.example.com","(250) 555-0194","","https://www.great-lakes-manufacturing-sons-ltd.example.com","3329 Kennedy Road","Kelowna","BC","V7C 0W4","Canada","Due on receipt","GRE-51150","Great Lakes Manufacturing & Sons Ltd.","Fournisseurs - test data"
"Titan Supply Co. Canada Inc.","Titan Supply Co. Canada Inc.","Megan","Singh","megan.singh@titan-supply-co-canada-inc.example.com","(343) 555-0199","(343) 555-0167","https://www.titan-supply-co-canada-inc.example.com","1177 Commerce Court","Ottawa","ON","K8J 3W4","Canada","Net 15","TIT-63433","Titan Supply Co. Canada Inc.","Fournisseurs - test data"
"Kowalski Abrasives Group Inc.","Kowalski Abrasives Group Inc.","Karen","Kowalski","karen.kowalski@kowalski-abrasives-group-inc.example.com","(431) 555-0168","","https://www.kowalski-abrasives-group-inc.example.com","3100 Dixie Road","Brandon","MB","R5B 3N3","Canada","Net 15","KOW-02029","Kowalski Abrasives Group Inc.","Fournisseurs - test data"
"Vanguard Hydraulics Corp.","Vanguard Hydraulics Corp.","Jessica","Wilson","jessica.wilson@vanguard-hydraulics-corp.example.com","(825) 555-0170","(825) 555-0104","https://www.vanguard-hydraulics-corp.example.com","972 Logistics Way","Fort McMurray","AB","T6T 3E1","Canada","Net 30","VAN-24077","Vanguard Hydraulics Corp.","Fournisseurs - test data"
"Kowalski Industries Ltd.","Kowalski Industries Ltd.","Daniel","Smith","daniel.smith@kowalski-industries-ltd.example.com","(437) 555-0166","(437) 555-0191","https://www.kowalski-industries-ltd.example.com","129 Airport Road","North York","ON","M7B 6C5","Canada","Net 30","KOW-95165","Kowalski Industries Ltd.","Fournisseurs - test data"
"Câbles Forestiers du Nord inc.","Câbles Forestiers du Nord inc.","Nathalie","Nadeau","nathalie.nadeau@cables-forestiers-du-nord-inc.example.com","(506) 555-0158","","https://www.cables-forestiers-du-nord-inc.example.com","4297 chemin du Tremblay","Saint John","NB","E4S 6T0","Canada","Due on receipt","CAB-80088","Câbles Forestiers du Nord inc.","Fournisseurs — jeu d'essai"
"Brown Manufacturing Group Inc.","Brown Manufacturing Group Inc.","Megan","Anderson","megan.anderson@brown-manufacturing-group-inc.example.com","(905) 555-0130","","https://www.brown-manufacturing-group-inc.example.com","3612 Foundry Road","Barrie","ON","L2K 0K4","Canada","Net 15","BRO-12712","Brown Manufacturing Group Inc.","Fournisseurs - test data"
"Singh Manufacturing Canada Inc.","Singh Manufacturing Canada Inc.","Sarah","Bennett","sarah.bennett@singh-manufacturing-canada-inc.example.com","(548) 555-0120","(548) 555-0162","https://www.singh-manufacturing-canada-inc.example.com","2084 Burnhamthorpe Road","Waterloo","ON","N3G 8J5","Canada","Due on receipt","SIN-85305","Singh Manufacturing Canada Inc.","Fournisseurs - test data"
"Métaux Électriques inc.","Métaux Électriques inc.","Catherine","Roy","catherine.roy@metaux-electriques-inc.example.com","(450) 555-0176","","https://www.metaux-electriques-inc.example.com","787 rue du Parc-Industriel","Sherbrooke","QC","J5G 6Y0","Canada","Net 30","MET-59051","Métaux Électriques inc.","Fournisseurs — jeu d'essai"
"Keystone Chemicals & Sons Ltd.","Keystone Chemicals & Sons Ltd.","Jason","Bennett","jason.bennett@keystone-chemicals-sons-ltd.example.com","(613) 555-0161","(613) 555-0163","https://www.keystone-chemicals-sons-ltd.example.com","405 Foundry Road","Ottawa","ON","K8A 1X5","Canada","2% 10 Net 30","KEY-28365","Keystone Chemicals & Sons Ltd.","Fournisseurs - test data"
"Papeterie Forestiers Canada inc.","Papeterie Forestiers Canada inc.","Geneviève","Morin","genevieve.morin@papeterie-forestiers-canada-inc.example.com","(438) 555-0162","(438) 555-0107","https://www.papeterie-forestiers-canada-inc.example.com","4097 rue de l'Industrie, bureau 245","Montréal","QC","H2G 8K3","Canada","Net 30","PAP-15661","Papeterie Forestiers Canada inc.","Fournisseurs — jeu d'essai"
"Hughes Lumber & Sons Ltd.","Hughes Lumber & Sons Ltd.","Amanda","Singh","amanda.singh@hughes-lumber-sons-ltd.example.com","(639) 555-0157","","https://www.hughes-lumber-sons-ltd.example.com","3941 Airport Road, bureau 124","Saskatoon","SK","S9G 5M2","Canada","Net 30","HUG-67090","Hughes Lumber & Sons Ltd.","Fournisseurs - test data"
"Campbell Abrasives Ltd.","Campbell Abrasives Ltd.","Amanda","Patel","amanda.patel@campbell-abrasives-ltd.example.com","(647) 555-0140","","https://www.campbell-abrasives-ltd.example.com","879 Steeles Avenue East","North York","ON","M8G 9V3","Canada","Net 15","CAM-35219","Campbell Abrasives Ltd.","Fournisseurs - test data"
"Titan Wholesale Holdings Ltd.","Titan Wholesale Holdings Ltd.","Amanda","Reid","amanda.reid@titan-wholesale-holdings-ltd.example.com","(437) 555-0168","(437) 555-0107","https://www.titan-wholesale-holdings-ltd.example.com","3213 Dixie Road","North York","ON","M3S 6S7","Canada","Net 30","TIT-54283","Titan Wholesale Holdings Ltd.","Fournisseurs - test data"
"Pacific Supply Co. Corp.","Pacific Supply Co. Corp.","Daniel","Chen","daniel.chen@pacific-supply-co-corp.example.com","(782) 555-0163","(782) 555-0149","https://www.pacific-supply-co-corp.example.com","2326 Airport Road","Halifax","NS","B9H 0L4","Canada","Net 15","PAC-70783","Pacific Supply Co. Corp.","Fournisseurs - test data"
"Sentinel Chemicals Inc.","Sentinel Chemicals Inc.","James","Thompson","james.thompson@sentinel-chemicals-inc.example.com","(343) 555-0113","(343) 555-0175","https://www.sentinel-chemicals-inc.example.com","48 Kennedy Road","Belleville","ON","K2M 9T5","Canada","Net 30","SEN-17775","Sentinel Chemicals Inc.","Fournisseurs - test data"
"Crestline Adhesives Holdings Ltd.","Crestline Adhesives Holdings Ltd.","James","Bennett","james.bennett@crestline-adhesives-holdings-ltd.example.com","(204) 555-0113","","https://www.crestline-adhesives-holdings-ltd.example.com","136 Commerce Court","Winnipeg","MB","R8Y 2P9","Canada","2% 10 Net 30","CRE-73106","Crestline Adhesives Holdings Ltd.","Fournisseurs - test data"
"Reid Supply Co. Ltd.","Reid Supply Co. Ltd.","Steven","Taylor","steven.taylor@reid-supply-co-ltd.example.com","(249) 555-0129","","https://www.reid-supply-co-ltd.example.com","3272 Industrial Drive","Sudbury","ON","P9C 9J4","Canada","2% 10 Net 30","REI-55521","Reid Supply Co. Ltd.","Fournisseurs - test data"
"Smith Manufacturing Canada Inc.","Smith Manufacturing Canada Inc.","Laura","Hughes","laura.hughes@smith-manufacturing-canada-inc.example.com","(780) 555-0146","","https://www.smith-manufacturing-canada-inc.example.com","4554 Steeles Avenue East","Calgary","AB","T9G 7N7","Canada","2% 10 Net 30","SMI-65019","Smith Manufacturing Canada Inc.","Fournisseurs - test data"
"Singh Packaging Ltd.","Singh Packaging Ltd.","Sarah","Nguyen","sarah.nguyen@singh-packaging-ltd.example.com","(416) 555-0115","(416) 555-0174","https://www.singh-packaging-ltd.example.com","4507 Burnhamthorpe Road","Etobicoke","ON","M0H 1P7","Canada","Due on receipt","SIN-80028","Singh Packaging Ltd.","Fournisseurs - test data"
"Hughes Hydraulics & Sons Ltd.","Hughes Hydraulics & Sons Ltd.","Megan","Murray","megan.murray@hughes-hydraulics-sons-ltd.example.com","(437) 555-0160","(437) 555-0111","https://www.hughes-hydraulics-sons-ltd.example.com","516 Burnhamthorpe Road, bureau 577","Scarborough","ON","M3B 3R2","Canada","Net 15","HUG-26627","Hughes Hydraulics & Sons Ltd.","Fournisseurs - test data"
"Grossiste de Bureau Québec inc.","Grossiste de Bureau Québec inc.","Mathieu","Roy","mathieu.roy@grossiste-de-bureau-quebec-inc.example.com","(514) 555-0168","","https://www.grossiste-de-bureau-quebec-inc.example.com","1977 boulevard Hymus","Brossard","QC","H0V 5Y6","Canada","Net 30","GRO-66609","Grossiste de Bureau Québec inc.","Fournisseurs — jeu d'essai"
"Clarke Distributors Holdings Ltd.","Clarke Distributors Holdings Ltd.","Nicole","Thompson","nicole.thompson@clarke-distributors-holdings-ltd.example.com","(343) 555-0197","","https://www.clarke-distributors-holdings-ltd.example.com","2501 Foundry Road, bureau 886","Cornwall","ON","K9K 9R3","Canada","Due on receipt","CLA-28645","Clarke Distributors Holdings Ltd.","Fournisseurs - test data"
"Trans-Canada Fasteners Inc.","Trans-Canada Fasteners Inc.","Jason","Chen","jason.chen@trans-canada-fasteners-inc.example.com","(613) 555-0193","(613) 555-0161","https://www.trans-canada-fasteners-inc.example.com","97 Airport Road","Ottawa","ON","K4Z 5H9","Canada","Net 30","TRA-56445","Trans-Canada Fasteners Inc.","Fournisseurs - test data"
"Fraser Bearings & Sons Ltd.","Fraser Bearings & Sons Ltd.","Megan","Reid","megan.reid@fraser-bearings-sons-ltd.example.com","(807) 555-0119","","https://www.fraser-bearings-sons-ltd.example.com","3157 Enterprise Boulevard","Thunder Bay","ON","P4G 5Z4","Canada","Due on receipt","FRA-32116","Fraser Bearings & Sons Ltd.","Fournisseurs - test data"
"Reid Steel Corp.","Reid Steel Corp.","Karen","Reid","karen.reid@reid-steel-corp.example.com","(289) 555-0139","(289) 555-0157","https://www.reid-steel-corp.example.com","1673 Dixie Road, bureau 737","Brampton","ON","L6W 8C4","Canada","Net 30","REI-42636","Reid Steel Corp.","Fournisseurs - test data"
"Taylor Supply Co. Holdings Ltd.","Taylor Supply Co. Holdings Ltd.","James","Brown","james.brown@taylor-supply-co-holdings-ltd.example.com","(778) 555-0170","","https://www.taylor-supply-co-holdings-ltd.example.com","1367 Steeles Avenue East","Richmond","BC","V5J 6J1","Canada","Net 15","TAY-04810","Taylor Supply Co. Holdings Ltd.","Fournisseurs - test data"
"Bluewater Fasteners & Sons Ltd.","Bluewater Fasteners & Sons Ltd.","Daniel","Nguyen","daniel.nguyen@bluewater-fasteners-sons-ltd.example.com","(905) 555-0168","","https://www.bluewater-fasteners-sons-ltd.example.com","3212 Foundry Road","Brampton","ON","L0N 0W2","Canada","Net 30","BLU-24045","Bluewater Fasteners & Sons Ltd.","Fournisseurs - test data"
"Keystone Chemicals Holdings Ltd.","Keystone Chemicals Holdings Ltd.","Hannah","Anderson","hannah.anderson@keystone-chemicals-holdings-ltd.example.com","(780) 555-0110","(780) 555-0134","https://www.keystone-chemicals-holdings-ltd.example.com","28 Airport Road","Edmonton","AB","T2Z 4A3","Canada","Net 30","KEY-99660","Keystone Chemicals Holdings Ltd.","Fournisseurs - test data"
"Papeterie Roy inc.","Papeterie Roy inc.","Éric","Caron","eric.caron@papeterie-roy-inc.example.com","(418) 555-0126","","https://www.papeterie-roy-inc.example.com","1547 boulevard des Entreprises","Lévis","QC","G4P 9H6","Canada","2% 10 Net 30","PAP-37324","Papeterie Roy inc.","Fournisseurs — jeu d'essai"
"Ridgeway Wholesale Corp.","Ridgeway Wholesale Corp.","Robert","Bennett","robert.bennett@ridgeway-wholesale-corp.example.com","(204) 555-0109","(204) 555-0195","https://www.ridgeway-wholesale-corp.example.com","1179 Dixie Road","Winnipeg","MB","R0V 3Y7","Canada","Net 15","RID-60850","Ridgeway Wholesale Corp.","Fournisseurs - test data"
"Câbles Morin inc.","Câbles Morin inc.","Sylvain","Tremblay","sylvain.tremblay@cables-morin-inc.example.com","(514) 555-0125","","https://www.cables-morin-inc.example.com","1544 avenue Manufacturiers, bureau 278","Brossard","QC","J1L 6L6","Canada","Due on receipt","CAB-30015","Câbles Morin inc.","Fournisseurs — jeu d'essai"
"Dominion Freight Group Inc.","Dominion Freight Group Inc.","Andrew","Brown","andrew.brown@dominion-freight-group-inc.example.com","(902) 555-0111","","https://www.dominion-freight-group-inc.example.com","1184 Industrial Drive","Truro","NS","B9A 0H0","Canada","Net 15","DOM-52496","Dominion Freight Group Inc.","Fournisseurs - test data"
"Distribution Alimentaires Canada inc.","Distribution Alimentaires Canada inc.","Isabelle","Caron","isabelle.caron@distribution-alimentaires-canada-inc.example.com","(438) 555-0117","","https://www.distribution-alimentaires-canada-inc.example.com","1728 rue du Parc-Industriel","Longueuil","QC","J1K 1K1","Canada","Net 30","DIS-62450","Distribution Alimentaires Canada inc.","Fournisseurs — jeu d'essai"
"Matériaux Électriques ltée","Matériaux Électriques ltée","Mathieu","Nadeau","mathieu.nadeau@materiaux-electriques-ltee.example.com","(514) 555-0102","(514) 555-0141","https://www.materiaux-electriques-ltee.example.com","3158 boulevard Hymus","Longueuil","QC","J2T 4A8","Canada","Net 30","MAT-24612","Matériaux Électriques ltée","Fournisseurs — jeu d'essai"
"Entrepôts Nadeau Canada inc.","Entrepôts Nadeau Canada inc.","Éric","Gagnon","eric.gagnon@entrepots-nadeau-canada-inc.example.com","(873) 555-0129","(873) 555-0152","https://www.entrepots-nadeau-canada-inc.example.com","4366 boulevard des Entreprises, bureau 337","Sherbrooke","QC","J5Z 5S1","Canada","Due on receipt","ENT-42338","Entrepôts Nadeau Canada inc.","Fournisseurs — jeu d'essai"
"Fournitures Tremblay du Nord inc.","Fournitures Tremblay du Nord inc.","Marie","Fortin","marie.fortin@fournitures-tremblay-du-nord-inc.example.com","(450) 555-0162","","https://www.fournitures-tremblay-du-nord-inc.example.com","2865 boulevard Industriel, bureau 296","Montréal","QC","J5K 0M5","Canada","Net 15","FOU-33474","Fournitures Tremblay du Nord inc.","Fournisseurs — jeu d'essai"
"Frontier Manufacturing Canada Inc.","Frontier Manufacturing Canada Inc.","Sarah","Bennett","sarah.bennett@frontier-manufacturing-canada-inc.example.com","(204) 555-0188","","https://www.frontier-manufacturing-canada-inc.example.com","3578 Foundry Road","Winnipeg","MB","R9S 2B4","Canada","Net 30","FRO-32665","Frontier Manufacturing Canada Inc.","Fournisseurs - test data"
"MacDonald Fasteners Holdings Ltd.","MacDonald Fasteners Holdings Ltd.","Brian","Smith","brian.smith@macdonald-fasteners-holdings-ltd.example.com","(403) 555-0142","","https://www.macdonald-fasteners-holdings-ltd.example.com","1014 Commerce Court, bureau 899","Edmonton","AB","T1R 4M0","Canada","2% 10 Net 30","MAC-21506","MacDonald Fasteners Holdings Ltd.","Fournisseurs - test data"
"Northgate Supply Co. Holdings Ltd.","Northgate Supply Co. Holdings Ltd.","Brian","Hughes","brian.hughes@northgate-supply-co-holdings-ltd.example.com","(825) 555-0175","(825) 555-0153","https://www.northgate-supply-co-holdings-ltd.example.com","3072 Industrial Drive","Calgary","AB","T7T 0T2","Canada","2% 10 Net 30","NOR-45213","Northgate Supply Co. Holdings Ltd.","Fournisseurs - test data"
"Bluewater Fasteners Ltd.","Bluewater Fasteners Ltd.","Karen","Patel","karen.patel@bluewater-fasteners-ltd.example.com","(867) 555-0163","","https://www.bluewater-fasteners-ltd.example.com","296 Commerce Court, bureau 667","Yellowknife","NT","X1R 7Z5","Canada","Due on receipt","BLU-70546","Bluewater Fasteners Ltd.","Fournisseurs - test data"
"MacDonald Adhesives Ltd.","MacDonald Adhesives Ltd.","Steven","Kowalski","steven.kowalski@macdonald-adhesives-ltd.example.com","(289) 555-0117","","https://www.macdonald-adhesives-ltd.example.com","823 Logistics Way","Mississauga","ON","L0Y 7R8","Canada","Due on receipt","MAC-83120","MacDonald Adhesives Ltd.","Fournisseurs - test data"
"Bennett Fasteners Holdings Ltd.","Bennett Fasteners Holdings Ltd.","Sarah","Singh","sarah.singh@bennett-fasteners-holdings-ltd.example.com","(343) 555-0193","","https://www.bennett-fasteners-holdings-ltd.example.com","2013 Dixie Road","Ottawa","ON","K1Z 5S9","Canada","Net 30","BEN-94916","Bennett Fasteners Holdings Ltd.","Fournisseurs - test data"
"Keystone Chemicals Corp.","Keystone Chemicals Corp.","Hannah","Campbell","hannah.campbell@keystone-chemicals-corp.example.com","(343) 555-0182","","https://www.keystone-chemicals-corp.example.com","4085 Commerce Court","Cornwall","ON","K4E 4S4","Canada","Net 30","KEY-89301","Keystone Chemicals Corp.","Fournisseurs - test data"
"Outillage Métalliques et Fils inc.","Outillage Métalliques et Fils inc.","Simon","Roy","simon.roy@outillage-metalliques-et-fils-inc.example.com","(514) 555-0163","","https://www.outillage-metalliques-et-fils-inc.example.com","3299 boulevard Dagenais","Longueuil","QC","J3C 2J9","Canada","Net 15","OUT-66410","Outillage Métalliques et Fils inc.","Fournisseurs — jeu d'essai"
"Reid Adhesives Canada Inc.","Reid Adhesives Canada Inc.","Sarah","Smith","sarah.smith@reid-adhesives-canada-inc.example.com","(226) 555-0109","(226) 555-0185","https://www.reid-adhesives-canada-inc.example.com","2361 Industrial Drive","Windsor","ON","N1Z 0Y2","Canada","Net 15","REI-10184","Reid Adhesives Canada Inc.","Fournisseurs - test data"
"Kowalski Fasteners Holdings Ltd.","Kowalski Fasteners Holdings Ltd.","Robert","Smith","robert.smith@kowalski-fasteners-holdings-ltd.example.com","(639) 555-0130","","https://www.kowalski-fasteners-holdings-ltd.example.com","657 Kennedy Road","Moose Jaw","SK","S2V 7Y2","Canada","Net 15","KOW-45970","Kowalski Fasteners Holdings Ltd.","Fournisseurs - test data"
"Crestline Hydraulics Corp.","Crestline Hydraulics Corp.","Michael","Brown","michael.brown@crestline-hydraulics-corp.example.com","(613) 555-0142","(613) 555-0179","https://www.crestline-hydraulics-corp.example.com","140 Enterprise Boulevard","Ottawa","ON","K9W 9G4","Canada","Net 30","CRE-02548","Crestline Hydraulics Corp.","Fournisseurs - test data"
"Crestline Wholesale Canada Inc.","Crestline Wholesale Canada Inc.","Daniel","Anderson","daniel.anderson@crestline-wholesale-canada-inc.example.com","(782) 555-0114","","https://www.crestline-wholesale-canada-inc.example.com","4716 Logistics Way","Halifax","NS","B0R 5G4","Canada","2% 10 Net 30","CRE-89095","Crestline Wholesale Canada Inc.","Fournisseurs - test data"
"Métaux Bergeron Canada inc.","Métaux Bergeron Canada inc.","Isabelle","Dubé","isabelle.dube@metaux-bergeron-canada-inc.example.com","(418) 555-0195","","https://www.metaux-bergeron-canada-inc.example.com","4077 boulevard Industriel","Québec","QC","G1P 7V2","Canada","2% 10 Net 30","MET-73844","Métaux Bergeron Canada inc.","Fournisseurs — jeu d'essai"
"Peintures Girard ltée","Peintures Girard ltée","Isabelle","Girard","isabelle.girard@peintures-girard-ltee.example.com","(873) 555-0173","(873) 555-0132","https://www.peintures-girard-ltee.example.com","2199 boulevard Hymus","Gatineau","QC","J4K 7A5","Canada","2% 10 Net 30","PEI-17199","Peintures Girard ltée","Fournisseurs — jeu d'essai"
"Crestline Manufacturing Inc.","Crestline Manufacturing Inc.","Brian","Campbell","brian.campbell@crestline-manufacturing-inc.example.com","(204) 555-0177","(204) 555-0119","https://www.crestline-manufacturing-inc.example.com","279 Logistics Way","Steinbach","MB","R7W 3V8","Canada","Due on receipt","CRE-74026","Crestline Manufacturing Inc.","Fournisseurs - test data"
"Métaux Tremblay Québec inc.","Métaux Tremblay Québec inc.","Denis","Bélanger","denis.belanger@metaux-tremblay-quebec-inc.example.com","(819) 555-0176","","https://www.metaux-tremblay-quebec-inc.example.com","3303 chemin du Tremblay","Sherbrooke","QC","J1B 2V7","Canada","2% 10 Net 30","MET-92574","Métaux Tremblay Québec inc.","Fournisseurs — jeu d'essai"
"Lubrifiants Chimiques enr.","Lubrifiants Chimiques enr.","Denis","Poirier","denis.poirier@lubrifiants-chimiques-enr.example.com","(819) 555-0158","","https://www.lubrifiants-chimiques-enr.example.com","3289 boulevard Dagenais, bureau 916","Saguenay","QC","G3L 2B0","Canada","2% 10 Net 30","LUB-78351","Lubrifiants Chimiques enr.","Fournisseurs — jeu d'essai"
"Câbles Forestiers et Fils inc.","Câbles Forestiers et Fils inc.","François","Poirier","francois.poirier@cables-forestiers-et-fils-inc.example.com","(514) 555-0106","","https://www.cables-forestiers-et-fils-inc.example.com","3929 rue de l'Industrie","Longueuil","QC","J2P 7H9","Canada","Net 15","CAB-41169","Câbles Forestiers et Fils inc.","Fournisseurs — jeu d'essai"
"Fonderie d'Emballage Québec inc.","Fonderie d'Emballage Québec inc.","Jean","Bouchard","jean.bouchard@fonderie-d-emballage-quebec-inc.example.com","(819) 555-0184","(819) 555-0125","https://www.fonderie-d-emballage-quebec-inc.example.com","2176 rue de l'Industrie","Québec","QC","G8P 1R8","Canada","Net 15","FON-54019","Fonderie d'Emballage Québec inc.","Fournisseurs — jeu d'essai"
"Atlantic Steel Ltd.","Atlantic Steel Ltd.","Amanda","Nguyen","amanda.nguyen@atlantic-steel-ltd.example.com","(519) 555-0111","(519) 555-0195","https://www.atlantic-steel-ltd.example.com","4155 Commerce Court, bureau 664","Windsor","ON","N7C 4J8","Canada","Net 30","ATL-77099","Atlantic Steel Ltd.","Fournisseurs - test data"
"Papeterie Alimentaires du Nord inc.","Papeterie Alimentaires du Nord inc.","Caroline","Gauthier","caroline.gauthier@papeterie-alimentaires-du-nord-inc.example.com","(438) 555-0151","","https://www.papeterie-alimentaires-du-nord-inc.example.com","1872 avenue Marien, bureau 768","Brossard","QC","H8J 4S0","Canada","Net 15","PAP-06267","Papeterie Alimentaires du Nord inc.","Fournisseurs — jeu d'essai"
"Patel Lumber & Sons Ltd.","Patel Lumber & Sons Ltd.","Jessica","Campbell","jessica.campbell@patel-lumber-sons-ltd.example.com","(289) 555-0138","","https://www.patel-lumber-sons-ltd.example.com","587 Airport Road","Mississauga","ON","L9S 1L2","Canada","Net 30","PAT-59911","Patel Lumber & Sons Ltd.","Fournisseurs - test data"
"Meridian Adhesives & Sons Ltd.","Meridian Adhesives & Sons Ltd.","Laura","Murray","laura.murray@meridian-adhesives-sons-ltd.example.com","(778) 555-0138","","https://www.meridian-adhesives-sons-ltd.example.com","3466 Commerce Court","Victoria","BC","V2W 3W3","Canada","Net 15","MER-11626","Meridian Adhesives & Sons Ltd.","Fournisseurs - test data"
"Manufacture Dubé Canada inc.","Manufacture Dubé Canada inc.","Catherine","Gagnon","catherine.gagnon@manufacture-dube-canada-inc.example.com","(873) 555-0134","","https://www.manufacture-dube-canada-inc.example.com","4403 rue de l'Industrie","Drummondville","QC","J4G 2L2","Canada","Net 30","MAN-55828","Manufacture Dubé Canada inc.","Fournisseurs — jeu d'essai"
"Ridgeway Steel & Sons Ltd.","Ridgeway Steel & Sons Ltd.","Kevin","Wilson","kevin.wilson@ridgeway-steel-sons-ltd.example.com","(249) 555-0102","(249) 555-0180","https://www.ridgeway-steel-sons-ltd.example.com","837 Kennedy Road, bureau 583","North Bay","ON","P2Y 6K5","Canada","2% 10 Net 30","RID-55634","Ridgeway Steel & Sons Ltd.","Fournisseurs - test data"
"Chen Chemicals & Sons Ltd.","Chen Chemicals & Sons Ltd.","Hannah","Fraser","hannah.fraser@chen-chemicals-sons-ltd.example.com","(519) 555-0148","(519) 555-0153","https://www.chen-chemicals-sons-ltd.example.com","879 Burnhamthorpe Road","Guelph","ON","N9M 4H7","Canada","Net 30","CHE-41334","Chen Chemicals & Sons Ltd.","Fournisseurs - test data"
"Crestline Industries Group Inc.","Crestline Industries Group Inc.","Sarah","Nguyen","sarah.nguyen@crestline-industries-group-inc.example.com","(780) 555-0138","(780) 555-0198","https://www.crestline-industries-group-inc.example.com","3682 Kennedy Road","Red Deer","AB","T7X 3G4","Canada","Net 30","CRE-79926","Crestline Industries Group Inc.","Fournisseurs - test data"
"Vanguard Abrasives Corp.","Vanguard Abrasives Corp.","Megan","Stewart","megan.stewart@vanguard-abrasives-corp.example.com","(587) 555-0147","","https://www.vanguard-abrasives-corp.example.com","2121 Commerce Court","Red Deer","AB","T6T 1X3","Canada","Net 15","VAN-52102","Vanguard Abrasives Corp.","Fournisseurs - test data"
"Distribution Fortin inc.","Distribution Fortin inc.","Jean","Roy","jean.roy@distribution-fortin-inc.example.com","(514) 555-0154","","https://www.distribution-fortin-inc.example.com","3331 avenue Marien, bureau 479","Brossard","QC","J7J 7B7","Canada","Net 15","DIS-90486","Distribution Fortin inc.","Fournisseurs — jeu d'essai"
"Outillage Chimiques Canada inc.","Outillage Chimiques Canada inc.","Sylvain","Cloutier","sylvain.cloutier@outillage-chimiques-canada-inc.example.com","(418) 555-0192","","https://www.outillage-chimiques-canada-inc.example.com","452 boulevard Industriel","Saguenay","QC","G4E 8E7","Canada","2% 10 Net 30","OUT-13411","Outillage Chimiques Canada inc.","Fournisseurs — jeu d'essai"
"Hughes Abrasives Holdings Ltd.","Hughes Abrasives Holdings Ltd.","Michael","Murray","michael.murray@hughes-abrasives-holdings-ltd.example.com","(905) 555-0106","","https://www.hughes-abrasives-holdings-ltd.example.com","3400 Airport Road","Brampton","ON","L2S 3L6","Canada","2% 10 Net 30","HUG-54311","Hughes Abrasives Holdings Ltd.","Fournisseurs - test data"
"Titan Chemicals Inc.","Titan Chemicals Inc.","Brian","Wilson","brian.wilson@titan-chemicals-inc.example.com","(709) 555-0147","","https://www.titan-chemicals-inc.example.com","2027 Industrial Drive, bureau 636","Corner Brook","NL","A3N 3B7","Canada","2% 10 Net 30","TIT-96715","Titan Chemicals Inc.","Fournisseurs - test data"
"Smith Fasteners Ltd.","Smith Fasteners Ltd.","Emily","Chen","emily.chen@smith-fasteners-ltd.example.com","(306) 555-0127","(306) 555-0107","https://www.smith-fasteners-ltd.example.com","3810 Industrial Drive","Regina","SK","S6B 3Z4","Canada","2% 10 Net 30","SMI-03798","Smith Fasteners Ltd.","Fournisseurs - test data"
"Dominion Abrasives Corp.","Dominion Abrasives Corp.","Jason","Campbell","jason.campbell@dominion-abrasives-corp.example.com","(548) 555-0105","(548) 555-0144","https://www.dominion-abrasives-corp.example.com","3376 Steeles Avenue East","Windsor","ON","N6B 3Z4","Canada","Net 30","DOM-06575","Dominion Abrasives Corp.","Fournisseurs - test data"
"Transport Alimentaires Canada inc.","Transport Alimentaires Canada inc.","Catherine","Gauthier","catherine.gauthier@transport-alimentaires-canada-inc.example.com","(819) 555-0103","(819) 555-0191","https://www.transport-alimentaires-canada-inc.example.com","3453 boulevard Industriel","Rouyn-Noranda","QC","J8W 7N4","Canada","Net 15","TRA-66898","Transport Alimentaires Canada inc.","Fournisseurs — jeu d'essai"
"Continental Abrasives Canada Inc.","Continental Abrasives Canada Inc.","Megan","Murray","megan.murray@continental-abrasives-canada-inc.example.com","(250) 555-0111","(250) 555-0187","https://www.continental-abrasives-canada-inc.example.com","4689 Industrial Drive","Surrey","BC","V6A 1A7","Canada","2% 10 Net 30","CON-02700","Continental Abrasives Canada Inc.","Fournisseurs - test data"
"Bennett Freight Holdings Ltd.","Bennett Freight Holdings Ltd.","Amanda","Anderson","amanda.anderson@bennett-freight-holdings-ltd.example.com","(306) 555-0149","","https://www.bennett-freight-holdings-ltd.example.com","4569 Airport Road, bureau 685","Prince Albert","SK","S5V 2B6","Canada","Net 30","BEN-12699","Bennett Freight Holdings Ltd.","Fournisseurs - test data"
"Grossiste Alimentaires du Nord inc.","Grossiste Alimentaires du Nord inc.","Josée","Dubé","josee.dube@grossiste-alimentaires-du-nord-inc.example.com","(506) 555-0102","","https://www.grossiste-alimentaires-du-nord-inc.example.com","913 boulevard Industriel","Dieppe","NB","E5P 9N5","Canada","2% 10 Net 30","GRO-60568","Grossiste Alimentaires du Nord inc.","Fournisseurs — jeu d'essai"
"Papeterie Forestiers ltée","Papeterie Forestiers ltée","Chantal","Cloutier","chantal.cloutier@papeterie-forestiers-ltee.example.com","(873) 555-0162","","https://www.papeterie-forestiers-ltee.example.com","1945 boulevard Hymus, bureau 924","Rouyn-Noranda","QC","J2G 5Z1","Canada","Due on receipt","PAP-50665","Papeterie Forestiers ltée","Fournisseurs — jeu d'essai"
"Transport Lavoie Canada inc.","Transport Lavoie Canada inc.","Caroline","Bélanger","caroline.belanger@transport-lavoie-canada-inc.example.com","(514) 555-0180","","https://www.transport-lavoie-canada-inc.example.com","2280 rue du Parc-Industriel","Montréal","QC","H7M 0B7","Canada","Net 15","TRA-90861","Transport Lavoie Canada inc.","Fournisseurs — jeu d'essai"
"Sterling Distributors Canada Inc.","Sterling Distributors Canada Inc.","Daniel","Hughes","daniel.hughes@sterling-distributors-canada-inc.example.com","(613) 555-0195","","https://www.sterling-distributors-canada-inc.example.com","529 Logistics Way","Cornwall","ON","K4H 8P9","Canada","Net 30","STE-77917","Sterling Distributors Canada Inc.","Fournisseurs - test data"
"Northgate Bearings Inc.","Northgate Bearings Inc.","Daniel","Thompson","daniel.thompson@northgate-bearings-inc.example.com","(905) 555-0141","(905) 555-0195","https://www.northgate-bearings-inc.example.com","3043 Enterprise Boulevard","Barrie","ON","L1S 2Y1","Canada","Net 15","NOR-56468","Northgate Bearings Inc.","Fournisseurs - test data"
"Wilson Distributors Corp.","Wilson Distributors Corp.","Jessica","Clarke","jessica.clarke@wilson-distributors-corp.example.com","(604) 555-0112","","https://www.wilson-distributors-corp.example.com","4416 Commerce Court","Vancouver","BC","V2W 0N4","Canada","Due on receipt","WIL-71213","Wilson Distributors Corp.","Fournisseurs - test data"
"Apex Steel & Sons Ltd.","Apex Steel & Sons Ltd.","Megan","Chen","megan.chen@apex-steel-sons-ltd.example.com","(639) 555-0118","(639) 555-0156","https://www.apex-steel-sons-ltd.example.com","2129 Foundry Road","Prince Albert","SK","S3G 3V7","Canada","Net 15","APE-78949","Apex Steel & Sons Ltd.","Fournisseurs - test data"
"Trans-Canada Lumber Ltd.","Trans-Canada Lumber Ltd.","Michael","Hughes","michael.hughes@trans-canada-lumber-ltd.example.com","(236) 555-0107","","https://www.trans-canada-lumber-ltd.example.com","2051 Enterprise Boulevard","Kelowna","BC","V3A 7J1","Canada","Net 30","TRA-87203","Trans-Canada Lumber Ltd.","Fournisseurs - test data"
