id;display_id;nominal_code;code;name;fully_qualified_name;description;classification;type;sub_type;level;header;sub_account;parent_account.id;parent_account.name;currency;opening_balance;current_balance;tax_type;tax_rate.id;tax_rate.name;active;status;last_reconciliation_date;created_at;updated_at
57;;;;Actif du stock;Actif du stock;;asset;current_asset;Inventory;;;false;;;CAD;;0;;;;true;active;;2026-09-14T11:44:48-07:00;2026-09-14T11:44:48-07:00
20;;;;Advertising;Advertising;Money you pay for advertising, including marketing materials.;expense;expense;AdvertisingPromotional;;;false;;;CAD;;0;;;;true;active;;2026-09-08T11:25:57-07:00;2026-09-08T11:25:57-07:00
21;;;;Bad debts;Bad debts;Money customers owe you that you don't think you can collect from them.;expense;expense;BadDebts;;;false;;;CAD;;0;;;;true;active;;2026-09-08T11:25:57-07:00;2026-09-08T11:25:57-07:00
22;;;;Bank charges;Bank charges;Fees your bank charges you such as account fees or certified cheque charges (not interest charges).;expense;expense;BankCharges;;;false;;;CAD;;0;;;;true;active;;2026-09-08T11:25:57-07:00;2026-09-08T11:25:57-07:00
4;;;;Billable Expense Income;Billable Expense Income;;revenue;revenue;ServiceFeeIncome;;;false;;;CAD;;0;;;;true;active;;2026-09-08T11:25:56-07:00;2026-09-08T11:25:56-07:00
23;;;;Commissions and fees;Commissions and fees;Service charges you pay such as realtor commissions, referral fees, or drop ship fees.;expense;expense;OtherMiscellaneousServiceCost;;;false;;;CAD;;0;;;;true;active;;2026-09-08T11:25:57-07:00;2026-09-08T11:25:57-07:00
58;;;;Comptes clients (CC);Comptes clients (CC);;asset;accounts_receivable;AccountsReceivable;;;false;;;CAD;;223;;;;true;active;;2026-09-14T11:45:15-07:00;2026-09-14T11:45:15-07:00
14;;;;Cost of Labour - COS;Cost of Labour - COS;Money you pay people to make the goods you sell.;expense;costs_of_sales;CostOfLaborCos;;;false;;;CAD;;0;;;;true;active;;2026-09-08T11:25:57-07:00;2026-09-08T11:25:57-07:00
56;;;;Coût des produits vendus;Coût des produits vendus;;expense;costs_of_sales;SuppliesMaterialsCogs;;;false;;;CAD;;0;;;;true;active;;2026-09-14T11:44:48-07:00;2026-09-14T11:44:48-07:00
8;;;;Discounts;Discounts;Any discounts you give your customers on your products or services.;revenue;revenue;DiscountsRefundsGiven;;;false;;;CAD;;0;;;;true;active;;2026-09-08T11:25:57-07:00;2026-09-08T11:25:57-07:00
9;;;;Discounts given;Discounts given;Any discounts you give your customers on your products or services.;revenue;revenue;DiscountsRefundsGiven;;;false;;;CAD;;0;;;;true;active;;2026-09-08T11:25:57-07:00;2026-09-08T11:25:57-07:00
24;;;;Disposal Fees;Disposal Fees;Amounts you pay to get rid of items, including garbage disposal and recycling services.;expense;expense;OtherMiscellaneousServiceCost;;;false;;;CAD;;0;;;;true;active;;2026-09-08T11:25:57-07:00;2026-09-08T11:25:57-07:00
25;;;;Dues and Subscriptions;Dues and Subscriptions;Money you pay regularly for things like trade group memberships or access to magazines or websites.;expense;expense;OfficeGeneralAdministrativeExpenses;;;false;;;CAD;;0;;;;true;active;;2026-09-08T11:25:57-07:00;2026-09-08T11:25:57-07:00
26;;;;Freight and Delivery;Freight and Delivery;Money you pay to deliver products to your customers.;expense;expense;ShippingFreightDelivery;;;false;;;CAD;;0;;;;true;active;;2026-09-08T11:25:57-07:00;2026-09-08T11:25:57-07:00
15;;;;Freight and delivery - COS;Freight and delivery - COS;Costs for getting the supplies you use to make your products delivered to you.;expense;costs_of_sales;ShippingFreightDeliveryCos;;;false;;;CAD;;0;;;;true;active;;2026-09-08T11:25:57-07:00;2026-09-08T11:25:57-07:00
27;;;;Insurance;Insurance;Costs for fire, theft, and other insurance for your business (except health insurance).;expense;expense;Insurance;;;false;;;CAD;;0;;;;true;active;;2026-09-08T11:25:57-07:00;2026-09-08T11:25:57-07:00
28;;;;Insurance - Disability;Insurance - Disability;Costs for private and government disability insurance for your employees.;expense;expense;Insurance;;;false;;;CAD;;0;;;;true;active;;2026-09-08T11:25:57-07:00;2026-09-08T11:25:57-07:00
29;;;;Insurance - Liability;Insurance - Liability;Costs for liability insurance for your business.;expense;expense;Insurance;;;false;;;CAD;;0;;;;true;active;;2026-09-08T11:25:57-07:00;2026-09-08T11:25:57-07:00
48;;;;Interest earned;Interest earned;Interest your bank or customers pay you.;revenue;other_income;InterestEarned;;;false;;;CAD;;0;;;;true;active;;2026-09-08T11:25:57-07:00;2026-09-08T11:25:57-07:00
30;;;;Interest expense;Interest expense;Interest you pay on things like loans, credit cards, and business vehicles.;expense;expense;InterestPaid;;;false;;;CAD;;0;;;;true;active;;2026-09-08T11:25:57-07:00;2026-09-08T11:25:57-07:00
31;;;;Job Materials;Job Materials;Costs for supplies you buy to complete a job or provide a service (not to make products you sell).;expense;expense;SuppliesMaterials;;;false;;;CAD;;0;;;;true;active;;2026-09-08T11:25:57-07:00;2026-09-08T11:25:57-07:00
32;;;;Legal and professional fees;Legal and professional fees;Costs for professional services like legal, financial, accounting, and payroll services.;expense;expense;LegalProfessionalFees;;;false;;;CAD;;0;;;;true;active;;2026-09-08T11:25:57-07:00;2026-09-08T11:25:57-07:00
33;;;;Meals and entertainment;Meals and entertainment;The amounts you pay to entertain customers and treat them to meals.;expense;expense;EntertainmentMeals;;;false;;;CAD;;0;;;;true;active;;2026-09-08T11:25:57-07:00;2026-09-08T11:25:57-07:00
51;;;;Miscellaneous;Miscellaneous;Smaller expeneses that don't fit into other categories.;expense;other_expense;OtherMiscellaneousExpense;;;false;;;CAD;;0;;;;true;active;;2026-09-08T11:25:57-07:00;2026-09-08T11:25:57-07:00
34;;;;Office expenses;Office expenses;Costs for smaller office, kitchen, and bathroom supplies. (Doesn't include software.);expense;expense;OfficeGeneralAdministrativeExpenses;;;false;;;CAD;;0;;;;true;active;;2026-09-08T11:25:57-07:00;2026-09-08T11:25:57-07:00
16;;;;Other Costs - COS;Other Costs - COS;;expense;costs_of_sales;OtherCostsOfServiceCos;;;false;;;CAD;;0;;;;true;active;;2026-09-08T11:25:57-07:00;2026-09-08T11:25:57-07:00
35;;;;Other general and administrative expenses;Other general and administrative expenses;Other expenses, including ones you're not sure where to put. Your accountant can help with these.;expense;expense;OfficeGeneralAdministrativeExpenses;;;false;;;CAD;;0;;;;true;active;;2026-09-08T11:25:57-07:00;2026-09-08T11:25:57-07:00
49;;;;Other Ordinary Income;Other Ordinary Income;Money you get from things other than your main business, that aren't a main source of income.;revenue;other_income;OtherMiscellaneousIncome;;;false;;;CAD;;0;;;;true;active;;2026-09-08T11:25:57-07:00;2026-09-08T11:25:57-07:00
50;;;;Other Portfolio Income;Other Portfolio Income;Money you get from things like dividends, royalties, and capital gains.;revenue;other_income;OtherMiscellaneousIncome;;;false;;;CAD;;0;;;;true;active;;2026-09-08T11:25:57-07:00;2026-09-08T11:25:57-07:00
52;;;;Penalties and settlements;Penalties and settlements;Fines or penalties you pay that aren't covered by your liability insurance.;expense;other_expense;PenaltiesSettlements;;;false;;;CAD;;0;;;;true;active;;2026-09-08T11:25:57-07:00;2026-09-08T11:25:57-07:00
6;;;;Prepaid expenses;Prepaid expenses;Expenses that you pay for in advance and receive the value of over a longer period of time.;asset;current_asset;PrepaidExpenses;;;false;;;CAD;;0;;;;true;active;;2026-09-08T11:25:57-07:00;2026-09-08T11:25:57-07:00
36;;;;Promotional;Promotional;Amounts you pay for promotional items, like branded magnets and other give-aways.;expense;expense;AdvertisingPromotional;;;false;;;CAD;;0;;;;true;active;;2026-09-08T11:25:57-07:00;2026-09-08T11:25:57-07:00
17;;;;Purchases - COS;Purchases - COS;The cost of the materials that go into the products you sell.;expense;costs_of_sales;OtherCostsOfServiceCos;;;false;;;CAD;;0;;;;true;active;;2026-09-08T11:25:57-07:00;2026-09-08T11:25:57-07:00
10;;;;Refunds-Allowances;Refunds-Allowances;Money you refund to customers. For example, if they return a product or cancel a service.;revenue;revenue;DiscountsRefundsGiven;;;false;;;CAD;;0;;;;true;active;;2026-09-08T11:25:57-07:00;2026-09-08T11:25:57-07:00
37;;;;Rent or lease payments;Rent or lease payments;Money you pay to rent or lease things like office space and storage.;expense;expense;RentOrLeaseOfBuildings;;;false;;;CAD;;0;;;;true;active;;2026-09-08T11:25:57-07:00;2026-09-08T11:25:57-07:00
38;;;;Repair and maintenance;Repair and maintenance;Costs for cleaning and repairing your office space and equipment.;expense;expense;OfficeGeneralAdministrativeExpenses;;;false;;;CAD;;0;;;;true;active;;2026-09-08T11:25:57-07:00;2026-09-08T11:25:57-07:00
53;;;;Retained Earnings;Retained Earnings;;equity;equity;RetainedEarnings;;;false;;;CAD;;0;;;;true;active;;2026-09-08T11:25:59-07:00;2026-09-08T11:25:59-07:00
54;;;;Revenus des dépenses facturables;Revenus des dépenses facturables;;revenue;revenue;ServiceFeeIncome;;;false;;;CAD;;0;;;;true;active;;2026-09-08T12:00:39-07:00;2026-09-08T12:00:39-07:00
55;;;;Revenus provenant de la vente de produits;Revenus provenant de la vente de produits;;revenue;revenue;SalesOfProductIncome;;;false;;;CAD;;0;;;;true;active;;2026-09-14T11:44:47-07:00;2026-09-14T11:44:47-07:00
11;;;;Sales;Sales;Money you make from selling products or services.;revenue;revenue;SalesOfProductIncome;;;false;;;CAD;;0;;;;true;active;;2026-09-08T11:25:57-07:00;2026-09-08T11:25:57-07:00
3;;;;Services;Services;;revenue;revenue;ServiceFeeIncome;;;false;;;CAD;;0;;;;true;active;;2026-09-08T11:25:56-07:00;2026-09-08T11:25:56-07:00
39;;;;Shipping and delivery expense;Shipping and delivery expense;Costs for getting the supplies you use to make your products delivered to you.;expense;expense;ShippingFreightDelivery;;;false;;;CAD;;0;;;;true;active;;2026-09-08T11:25:57-07:00;2026-09-08T11:25:57-07:00
12;;;;Shipping and Delivery Income;Shipping and Delivery Income;Money you make from charging customers to ship or deliver products you sell.;revenue;revenue;OtherPrimaryIncome;;;false;;;CAD;;0;;;;true;active;;2026-09-08T11:25:57-07:00;2026-09-08T11:25:57-07:00
40;;;;Stationery and printing;Stationery and printing;Amounts you pay for printing things like company letterhead, invitations, and business cards.;expense;expense;OfficeGeneralAdministrativeExpenses;;;false;;;CAD;;0;;;;true;active;;2026-09-08T11:25:57-07:00;2026-09-08T11:25:57-07:00
41;;;;Subcontractors;Subcontractors;Amounts you pay to contractors for things like web design or landscaping (doesn't include wages.);expense;expense;CostOfLabor;;;false;;;CAD;;0;;;;true;active;;2026-09-08T11:25:57-07:00;2026-09-08T11:25:57-07:00
18;;;;Subcontractors - COS;Subcontractors - COS;Money you pay to subcontractors to make the goods you sell.;expense;costs_of_sales;CostOfLaborCos;;;false;;;CAD;;0;;;;true;active;;2026-09-08T11:25:57-07:00;2026-09-08T11:25:57-07:00
42;;;;Supplies;Supplies;Costs for supplies you buy to complete a job or provide a service (not to make products you sell).;expense;expense;SuppliesMaterials;;;false;;;CAD;;0;;;;true;active;;2026-09-08T11:25:57-07:00;2026-09-08T11:25:57-07:00
19;;;;Supplies and materials - COS;Supplies and materials - COS;Costs for supplies you use to make the products you sell. For example, disposable gloves.;expense;costs_of_sales;SuppliesMaterialsCogs;;;false;;;CAD;;0;;;;true;active;;2026-09-08T11:25:57-07:00;2026-09-08T11:25:57-07:00
43;;;;Taxes and Licenses;Taxes and Licenses;Amounts you pay for licenses, permits, property tax, and business tax (not sales or income tax).;expense;expense;TaxesPaid;;;false;;;CAD;;0;;;;true;active;;2026-09-08T11:25:57-07:00;2026-09-08T11:25:57-07:00
44;;;;Tools;Tools;Costs for small tools you use to make the products you sell.;expense;expense;SuppliesMaterials;;;false;;;CAD;;0;;;;true;active;;2026-09-08T11:25:57-07:00;2026-09-08T11:25:57-07:00
45;;;;Travel;Travel;Business travel costs including transportation, hotels, and tips, but not meals.;expense;expense;Travel;;;false;;;CAD;;0;;;;true;active;;2026-09-08T11:25:57-07:00;2026-09-08T11:25:57-07:00
46;;;;Travel meals;Travel meals;Costs for your meals when you're traveling for business reasons.;expense;expense;TravelMeals;;;false;;;CAD;;0;;;;true;active;;2026-09-08T11:25:57-07:00;2026-09-08T11:25:57-07:00
1;;;;Uncategorized Asset;Uncategorized Asset;;asset;current_asset;OtherCurrentAssets;;;false;;;CAD;;0;;;;true;active;;2026-09-08T11:25:56-07:00;2026-09-08T11:25:56-07:00
2;;;;Uncategorized Expense;Uncategorized Expense;;expense;expense;OtherMiscellaneousServiceCost;;;false;;;CAD;;0;;;;true;active;;2026-09-08T11:25:56-07:00;2026-09-08T11:25:56-07:00
5;;;;Uncategorized Income;Uncategorized Income;;revenue;revenue;ServiceFeeIncome;;;false;;;CAD;;0;;;;true;active;;2026-09-08T11:25:56-07:00;2026-09-08T11:25:56-07:00
13;;;;Uncategorized Income-1;Uncategorized Income-1;Money you make and aren't sure how to categorize. Work with your accountant to sort it out.;revenue;revenue;SalesOfProductIncome;;;false;;;CAD;;0;;;;true;active;;2026-09-08T11:25:57-07:00;2026-09-08T11:25:57-07:00
7;;;;Undeposited Funds;Undeposited Funds;Money you've recieved but haven't taken to the bank yet--like a cheque you haven't cashed.;asset;current_asset;UndepositedFunds;;;false;;;CAD;;0;;;;true;active;;2026-09-08T11:25:57-07:00;2026-09-08T11:25:57-07:00
47;;;;Utilities;Utilities;Utility costs for your business, like phone, gas, electricity, water, and internet.;expense;expense;Utilities;;;false;;;CAD;;0;;;;true;active;;2026-09-08T11:25:57-07:00;2026-09-08T11:25:57-07:00
